schuljahr;abschlussart;geschlecht;anzahl;anzahl_numerisch
1994/95;ohne Hauptschulabschluss;männlich;2317;2317
1995/96;ohne Hauptschulabschluss;männlich;2317;2317
1996/97;ohne Hauptschulabschluss;männlich;2188;2188
1997/98;ohne Hauptschulabschluss;männlich;2204;2204
1998/99;ohne Hauptschulabschluss;männlich;2607;2607
1999/00;ohne Hauptschulabschluss;männlich;2568;2568
2000/01;ohne Hauptschulabschluss;männlich;2431;2431
2001/02;ohne Hauptschulabschluss;männlich;1973;1973
2002/03;ohne Hauptschulabschluss;männlich;1827;1827
2003/04;ohne Hauptschulabschluss;männlich;1529;1529
2004/05;ohne Hauptschulabschluss;männlich;1343;1343
2005/06;ohne Hauptschulabschluss;männlich;1156;1156
2006/07;ohne Hauptschulabschluss;männlich;883;883
2007/08;ohne Hauptschulabschluss;männlich;715;715
2008/09;ohne Hauptschulabschluss;männlich;538;538
2009/10;ohne Hauptschulabschluss;männlich;446;446
2010/11;ohne Hauptschulabschluss;männlich;438;438
2011/12;ohne Hauptschulabschluss;männlich;443;443
2012/13;ohne Hauptschulabschluss;männlich;457;457
2013/14;ohne Hauptschulabschluss;männlich;531;531
2014/15;ohne Hauptschulabschluss;männlich;473;473
2015/16;ohne Hauptschulabschluss;männlich;547;547
2016/17;ohne Hauptschulabschluss;männlich;647;647
2017/18;ohne Hauptschulabschluss;männlich;704;704
2018/19;ohne Hauptschulabschluss;männlich;736;736
2019/20;ohne Hauptschulabschluss;männlich;563;563
2020/21;ohne Hauptschulabschluss;männlich;571;571
2021/22;ohne Hauptschulabschluss;männlich;684;684
2022/23;ohne Hauptschulabschluss;männlich;652;652
2023/24;ohne Hauptschulabschluss;männlich;847;847
2024/25;ohne Hauptschulabschluss;männlich;909;909
1994/95;ohne Hauptschulabschluss;weiblich;826;826
1995/96;ohne Hauptschulabschluss;weiblich;815;815
1996/97;ohne Hauptschulabschluss;weiblich;830;830
1997/98;ohne Hauptschulabschluss;weiblich;852;852
1998/99;ohne Hauptschulabschluss;weiblich;1297;1297
1999/00;ohne Hauptschulabschluss;weiblich;1279;1279
2000/01;ohne Hauptschulabschluss;weiblich;1151;1151
2001/02;ohne Hauptschulabschluss;weiblich;841;841
2002/03;ohne Hauptschulabschluss;weiblich;860;860
2003/04;ohne Hauptschulabschluss;weiblich;698;698
2004/05;ohne Hauptschulabschluss;weiblich;603;603
2005/06;ohne Hauptschulabschluss;weiblich;574;574
2006/07;ohne Hauptschulabschluss;weiblich;455;455
2007/08;ohne Hauptschulabschluss;weiblich;355;355
2008/09;ohne Hauptschulabschluss;weiblich;314;314
2009/10;ohne Hauptschulabschluss;weiblich;296;296
2010/11;ohne Hauptschulabschluss;weiblich;274;274
2011/12;ohne Hauptschulabschluss;weiblich;271;271
2012/13;ohne Hauptschulabschluss;weiblich;291;291
2013/14;ohne Hauptschulabschluss;weiblich;306;306
2014/15;ohne Hauptschulabschluss;weiblich;349;349
2015/16;ohne Hauptschulabschluss;weiblich;321;321
2016/17;ohne Hauptschulabschluss;weiblich;362;362
2017/18;ohne Hauptschulabschluss;weiblich;365;365
2018/19;ohne Hauptschulabschluss;weiblich;384;384
2019/20;ohne Hauptschulabschluss;weiblich;313;313
2020/21;ohne Hauptschulabschluss;weiblich;351;351
2021/22;ohne Hauptschulabschluss;weiblich;402;402
2022/23;ohne Hauptschulabschluss;weiblich;469;469
2023/24;ohne Hauptschulabschluss;weiblich;592;592
2024/25;ohne Hauptschulabschluss;weiblich;610;610
1994/95;ohne Hauptschulabschluss;Insgesamt;3143;3143
1995/96;ohne Hauptschulabschluss;Insgesamt;3132;3132
1996/97;ohne Hauptschulabschluss;Insgesamt;3018;3018
1997/98;ohne Hauptschulabschluss;Insgesamt;3056;3056
1998/99;ohne Hauptschulabschluss;Insgesamt;3904;3904
1999/00;ohne Hauptschulabschluss;Insgesamt;3847;3847
2000/01;ohne Hauptschulabschluss;Insgesamt;3582;3582
2001/02;ohne Hauptschulabschluss;Insgesamt;2814;2814
2002/03;ohne Hauptschulabschluss;Insgesamt;2687;2687
2003/04;ohne Hauptschulabschluss;Insgesamt;2227;2227
2004/05;ohne Hauptschulabschluss;Insgesamt;1946;1946
2005/06;ohne Hauptschulabschluss;Insgesamt;1730;1730
2006/07;ohne Hauptschulabschluss;Insgesamt;1338;1338
2007/08;ohne Hauptschulabschluss;Insgesamt;1070;1070
2008/09;ohne Hauptschulabschluss;Insgesamt;852;852
2009/10;ohne Hauptschulabschluss;Insgesamt;742;742
2010/11;ohne Hauptschulabschluss;Insgesamt;712;712
2011/12;ohne Hauptschulabschluss;Insgesamt;714;714
2012/13;ohne Hauptschulabschluss;Insgesamt;748;748
2013/14;ohne Hauptschulabschluss;Insgesamt;837;837
2014/15;ohne Hauptschulabschluss;Insgesamt;822;822
2015/16;ohne Hauptschulabschluss;Insgesamt;868;868
2016/17;ohne Hauptschulabschluss;Insgesamt;1009;1009
2017/18;ohne Hauptschulabschluss;Insgesamt;1069;1069
2018/19;ohne Hauptschulabschluss;Insgesamt;1120;1120
2019/20;ohne Hauptschulabschluss;Insgesamt;876;876
2020/21;ohne Hauptschulabschluss;Insgesamt;922;922
2021/22;ohne Hauptschulabschluss;Insgesamt;1086;1086
2022/23;ohne Hauptschulabschluss;Insgesamt;1121;1121
2023/24;ohne Hauptschulabschluss;Insgesamt;1439;1439
2024/25;ohne Hauptschulabschluss;Insgesamt;1519;1519
1994/95;mit Hauptschulabschluss;männlich;4419;4419
1995/96;mit Hauptschulabschluss;männlich;4299;4299
1996/97;mit Hauptschulabschluss;männlich;4904;4904
1997/98;mit Hauptschulabschluss;männlich;4416;4416
1998/99;mit Hauptschulabschluss;männlich;4253;4253
1999/00;mit Hauptschulabschluss;männlich;3998;3998
2000/01;mit Hauptschulabschluss;männlich;3866;3866
2001/02;mit Hauptschulabschluss;männlich;4224;4224
2002/03;mit Hauptschulabschluss;männlich;3976;3976
2003/04;mit Hauptschulabschluss;männlich;4023;4023
2004/05;mit Hauptschulabschluss;männlich;3888;3888
2005/06;mit Hauptschulabschluss;männlich;3076;3076
2006/07;mit Hauptschulabschluss;männlich;2243;2243
2007/08;mit Hauptschulabschluss;männlich;1562;1562
2008/09;mit Hauptschulabschluss;männlich;1303;1303
2009/10;mit Hauptschulabschluss;männlich;1193;1193
2010/11;mit Hauptschulabschluss;männlich;1225;1225
2011/12;mit Hauptschulabschluss;männlich;1212;1212
2012/13;mit Hauptschulabschluss;männlich;1330;1330
2013/14;mit Hauptschulabschluss;männlich;1397;1397
2014/15;mit Hauptschulabschluss;männlich;1248;1248
2015/16;mit Hauptschulabschluss;männlich;1236;1236
2016/17;mit Hauptschulabschluss;männlich;1391;1391
2017/18;mit Hauptschulabschluss;männlich;1413;1413
2018/19;mit Hauptschulabschluss;männlich;1484;1484
2019/20;mit Hauptschulabschluss;männlich;1402;1402
2020/21;mit Hauptschulabschluss;männlich;1385;1385
2021/22;mit Hauptschulabschluss;männlich;1431;1431
2022/23;mit Hauptschulabschluss;männlich;1572;1572
2023/24;mit Hauptschulabschluss;männlich;1592;1592
2024/25;mit Hauptschulabschluss;männlich;1793;1793
1994/95;mit Hauptschulabschluss;weiblich;2350;2350
1995/96;mit Hauptschulabschluss;weiblich;2305;2305
1996/97;mit Hauptschulabschluss;weiblich;2805;2805
1997/98;mit Hauptschulabschluss;weiblich;2620;2620
1998/99;mit Hauptschulabschluss;weiblich;2404;2404
1999/00;mit Hauptschulabschluss;weiblich;2339;2339
2000/01;mit Hauptschulabschluss;weiblich;2244;2244
2001/02;mit Hauptschulabschluss;weiblich;2697;2697
2002/03;mit Hauptschulabschluss;weiblich;2591;2591
2003/04;mit Hauptschulabschluss;weiblich;2440;2440
2004/05;mit Hauptschulabschluss;weiblich;2447;2447
2005/06;mit Hauptschulabschluss;weiblich;1909;1909
2006/07;mit Hauptschulabschluss;weiblich;1497;1497
2007/08;mit Hauptschulabschluss;weiblich;1091;1091
2008/09;mit Hauptschulabschluss;weiblich;914;914
2009/10;mit Hauptschulabschluss;weiblich;764;764
2010/11;mit Hauptschulabschluss;weiblich;806;806
2011/12;mit Hauptschulabschluss;weiblich;822;822
2012/13;mit Hauptschulabschluss;weiblich;888;888
2013/14;mit Hauptschulabschluss;weiblich;911;911
2014/15;mit Hauptschulabschluss;weiblich;865;865
2015/16;mit Hauptschulabschluss;weiblich;780;780
2016/17;mit Hauptschulabschluss;weiblich;872;872
2017/18;mit Hauptschulabschluss;weiblich;801;801
2018/19;mit Hauptschulabschluss;weiblich;873;873
2019/20;mit Hauptschulabschluss;weiblich;820;820
2020/21;mit Hauptschulabschluss;weiblich;828;828
2021/22;mit Hauptschulabschluss;weiblich;899;899
2022/23;mit Hauptschulabschluss;weiblich;994;994
2023/24;mit Hauptschulabschluss;weiblich;1104;1104
2024/25;mit Hauptschulabschluss;weiblich;1261;1261
1994/95;mit Hauptschulabschluss;Insgesamt;6769;6769
1995/96;mit Hauptschulabschluss;Insgesamt;6604;6604
1996/97;mit Hauptschulabschluss;Insgesamt;7709;7709
1997/98;mit Hauptschulabschluss;Insgesamt;7036;7036
1998/99;mit Hauptschulabschluss;Insgesamt;6657;6657
1999/00;mit Hauptschulabschluss;Insgesamt;6337;6337
2000/01;mit Hauptschulabschluss;Insgesamt;6110;6110
2001/02;mit Hauptschulabschluss;Insgesamt;6921;6921
2002/03;mit Hauptschulabschluss;Insgesamt;6567;6567
2003/04;mit Hauptschulabschluss;Insgesamt;6463;6463
2004/05;mit Hauptschulabschluss;Insgesamt;6335;6335
2005/06;mit Hauptschulabschluss;Insgesamt;4985;4985
2006/07;mit Hauptschulabschluss;Insgesamt;3740;3740
2007/08;mit Hauptschulabschluss;Insgesamt;2653;2653
2008/09;mit Hauptschulabschluss;Insgesamt;2217;2217
2009/10;mit Hauptschulabschluss;Insgesamt;1957;1957
2010/11;mit Hauptschulabschluss;Insgesamt;2031;2031
2011/12;mit Hauptschulabschluss;Insgesamt;2034;2034
2012/13;mit Hauptschulabschluss;Insgesamt;2218;2218
2013/14;mit Hauptschulabschluss;Insgesamt;2308;2308
2014/15;mit Hauptschulabschluss;Insgesamt;2113;2113
2015/16;mit Hauptschulabschluss;Insgesamt;2016;2016
2016/17;mit Hauptschulabschluss;Insgesamt;2263;2263
2017/18;mit Hauptschulabschluss;Insgesamt;2214;2214
2018/19;mit Hauptschulabschluss;Insgesamt;2357;2357
2019/20;mit Hauptschulabschluss;Insgesamt;2222;2222
2020/21;mit Hauptschulabschluss;Insgesamt;2213;2213
2021/22;mit Hauptschulabschluss;Insgesamt;2330;2330
2022/23;mit Hauptschulabschluss;Insgesamt;2566;2566
2023/24;mit Hauptschulabschluss;Insgesamt;2696;2696
2024/25;mit Hauptschulabschluss;Insgesamt;3054;3054
1994/95;mit Realschulabschluss;männlich;15420;15420
1995/96;mit Realschulabschluss;männlich;15732;15732
1996/97;mit Realschulabschluss;männlich;14948;14948
1997/98;mit Realschulabschluss;männlich;14015;14015
1998/99;mit Realschulabschluss;männlich;13571;13571
1999/00;mit Realschulabschluss;männlich;14415;14415
2000/01;mit Realschulabschluss;männlich;14797;14797
2001/02;mit Realschulabschluss;männlich;14750;14750
2002/03;mit Realschulabschluss;männlich;14260;14260
2003/04;mit Realschulabschluss;männlich;13696;13696
2004/05;mit Realschulabschluss;männlich;13171;13171
2005/06;mit Realschulabschluss;männlich;12458;12458
2006/07;mit Realschulabschluss;männlich;10534;10534
2007/08;mit Realschulabschluss;männlich;7463;7463
2008/09;mit Realschulabschluss;männlich;6104;6104
2009/10;mit Realschulabschluss;männlich;5633;5633
2010/11;mit Realschulabschluss;männlich;5191;5191
2011/12;mit Realschulabschluss;männlich;5406;5406
2012/13;mit Realschulabschluss;männlich;6059;6059
2013/14;mit Realschulabschluss;männlich;6755;6755
2014/15;mit Realschulabschluss;männlich;6636;6636
2015/16;mit Realschulabschluss;männlich;7284;7284
2016/17;mit Realschulabschluss;männlich;7554;7554
2017/18;mit Realschulabschluss;männlich;7077;7077
2018/19;mit Realschulabschluss;männlich;7291;7291
2019/20;mit Realschulabschluss;männlich;7638;7638
2020/21;mit Realschulabschluss;männlich;7853;7853
2021/22;mit Realschulabschluss;männlich;7840;7840
2022/23;mit Realschulabschluss;männlich;7782;7782
2023/24;mit Realschulabschluss;männlich;8355;8355
2024/25;mit Realschulabschluss;männlich;8568;8568
1994/95;mit Realschulabschluss;weiblich;14405;14405
1995/96;mit Realschulabschluss;weiblich;14848;14848
1996/97;mit Realschulabschluss;weiblich;14855;14855
1997/98;mit Realschulabschluss;weiblich;13816;13816
1998/99;mit Realschulabschluss;weiblich;13562;13562
1999/00;mit Realschulabschluss;weiblich;14244;14244
2000/01;mit Realschulabschluss;weiblich;15223;15223
2001/02;mit Realschulabschluss;weiblich;14898;14898
2002/03;mit Realschulabschluss;weiblich;14277;14277
2003/04;mit Realschulabschluss;weiblich;13770;13770
2004/05;mit Realschulabschluss;weiblich;13021;13021
2005/06;mit Realschulabschluss;weiblich;12085;12085
2006/07;mit Realschulabschluss;weiblich;9951;9951
2007/08;mit Realschulabschluss;weiblich;7035;7035
2008/09;mit Realschulabschluss;weiblich;5932;5932
2009/10;mit Realschulabschluss;weiblich;5460;5460
2010/11;mit Realschulabschluss;weiblich;4867;4867
2011/12;mit Realschulabschluss;weiblich;5412;5412
2012/13;mit Realschulabschluss;weiblich;5988;5988
2013/14;mit Realschulabschluss;weiblich;6179;6179
2014/15;mit Realschulabschluss;weiblich;6416;6416
2015/16;mit Realschulabschluss;weiblich;6841;6841
2016/17;mit Realschulabschluss;weiblich;6889;6889
2017/18;mit Realschulabschluss;weiblich;6765;6765
2018/19;mit Realschulabschluss;weiblich;6940;6940
2019/20;mit Realschulabschluss;weiblich;7411;7411
2020/21;mit Realschulabschluss;weiblich;7470;7470
2021/22;mit Realschulabschluss;weiblich;7443;7443
2022/23;mit Realschulabschluss;weiblich;7547;7547
2023/24;mit Realschulabschluss;weiblich;7746;7746
2024/25;mit Realschulabschluss;weiblich;8149;8149
1994/95;mit Realschulabschluss;Insgesamt;29825;29825
1995/96;mit Realschulabschluss;Insgesamt;30580;30580
1996/97;mit Realschulabschluss;Insgesamt;29803;29803
1997/98;mit Realschulabschluss;Insgesamt;27831;27831
1998/99;mit Realschulabschluss;Insgesamt;27133;27133
1999/00;mit Realschulabschluss;Insgesamt;28659;28659
2000/01;mit Realschulabschluss;Insgesamt;30020;30020
2001/02;mit Realschulabschluss;Insgesamt;29648;29648
2002/03;mit Realschulabschluss;Insgesamt;28537;28537
2003/04;mit Realschulabschluss;Insgesamt;27466;27466
2004/05;mit Realschulabschluss;Insgesamt;26192;26192
2005/06;mit Realschulabschluss;Insgesamt;24543;24543
2006/07;mit Realschulabschluss;Insgesamt;20485;20485
2007/08;mit Realschulabschluss;Insgesamt;14498;14498
2008/09;mit Realschulabschluss;Insgesamt;12036;12036
2009/10;mit Realschulabschluss;Insgesamt;11093;11093
2010/11;mit Realschulabschluss;Insgesamt;10058;10058
2011/12;mit Realschulabschluss;Insgesamt;10818;10818
2012/13;mit Realschulabschluss;Insgesamt;12047;12047
2013/14;mit Realschulabschluss;Insgesamt;12934;12934
2014/15;mit Realschulabschluss;Insgesamt;13052;13052
2015/16;mit Realschulabschluss;Insgesamt;14125;14125
2016/17;mit Realschulabschluss;Insgesamt;14443;14443
2017/18;mit Realschulabschluss;Insgesamt;13842;13842
2018/19;mit Realschulabschluss;Insgesamt;14231;14231
2019/20;mit Realschulabschluss;Insgesamt;15049;15049
2020/21;mit Realschulabschluss;Insgesamt;15323;15323
2021/22;mit Realschulabschluss;Insgesamt;15283;15283
2022/23;mit Realschulabschluss;Insgesamt;15329;15329
2023/24;mit Realschulabschluss;Insgesamt;16101;16101
2024/25;mit Realschulabschluss;Insgesamt;16717;16717
1994/95;mit Fachhochschulreife;männlich;-;0
1995/96;mit Fachhochschulreife;männlich;-;0
1996/97;mit Fachhochschulreife;männlich;-;0
1997/98;mit Fachhochschulreife;männlich;-;0
1998/99;mit Fachhochschulreife;männlich;-;0
1999/00;mit Fachhochschulreife;männlich;-;0
2000/01;mit Fachhochschulreife;männlich;-;0
2001/02;mit Fachhochschulreife;männlich;-;0
2002/03;mit Fachhochschulreife;männlich;-;0
2003/04;mit Fachhochschulreife;männlich;-;0
2004/05;mit Fachhochschulreife;männlich;-;0
2005/06;mit Fachhochschulreife;männlich;-;0
2006/07;mit Fachhochschulreife;männlich;-;0
2007/08;mit Fachhochschulreife;männlich;-;0
2008/09;mit Fachhochschulreife;männlich;-;0
2009/10;mit Fachhochschulreife;männlich;-;0
2010/11;mit Fachhochschulreife;männlich;-;0
2011/12;mit Fachhochschulreife;männlich;-;0
2012/13;mit Fachhochschulreife;männlich;-;0
2013/14;mit Fachhochschulreife;männlich;-;0
2014/15;mit Fachhochschulreife;männlich;-;0
2015/16;mit Fachhochschulreife;männlich;-;0
2016/17;mit Fachhochschulreife;männlich;-;0
2017/18;mit Fachhochschulreife;männlich;-;0
2018/19;mit Fachhochschulreife;männlich;-;0
2019/20;mit Fachhochschulreife;männlich;-;0
2020/21;mit Fachhochschulreife;männlich;-;0
2021/22;mit Fachhochschulreife;männlich;-;0
2022/23;mit Fachhochschulreife;männlich;-;0
2023/24;mit Fachhochschulreife;männlich;-;0
2024/25;mit Fachhochschulreife;männlich;-;0
1994/95;mit Fachhochschulreife;weiblich;-;0
1995/96;mit Fachhochschulreife;weiblich;-;0
1996/97;mit Fachhochschulreife;weiblich;-;0
1997/98;mit Fachhochschulreife;weiblich;-;0
1998/99;mit Fachhochschulreife;weiblich;-;0
1999/00;mit Fachhochschulreife;weiblich;-;0
2000/01;mit Fachhochschulreife;weiblich;-;0
2001/02;mit Fachhochschulreife;weiblich;-;0
2002/03;mit Fachhochschulreife;weiblich;-;0
2003/04;mit Fachhochschulreife;weiblich;-;0
2004/05;mit Fachhochschulreife;weiblich;-;0
2005/06;mit Fachhochschulreife;weiblich;-;0
2006/07;mit Fachhochschulreife;weiblich;-;0
2007/08;mit Fachhochschulreife;weiblich;-;0
2008/09;mit Fachhochschulreife;weiblich;-;0
2009/10;mit Fachhochschulreife;weiblich;-;0
2010/11;mit Fachhochschulreife;weiblich;-;0
2011/12;mit Fachhochschulreife;weiblich;-;0
2012/13;mit Fachhochschulreife;weiblich;-;0
2013/14;mit Fachhochschulreife;weiblich;-;0
2014/15;mit Fachhochschulreife;weiblich;-;0
2015/16;mit Fachhochschulreife;weiblich;-;0
2016/17;mit Fachhochschulreife;weiblich;-;0
2017/18;mit Fachhochschulreife;weiblich;-;0
2018/19;mit Fachhochschulreife;weiblich;-;0
2019/20;mit Fachhochschulreife;weiblich;-;0
2020/21;mit Fachhochschulreife;weiblich;-;0
2021/22;mit Fachhochschulreife;weiblich;-;0
2022/23;mit Fachhochschulreife;weiblich;-;0
2023/24;mit Fachhochschulreife;weiblich;-;0
2024/25;mit Fachhochschulreife;weiblich;-;0
1994/95;mit Fachhochschulreife;Insgesamt;-;0
1995/96;mit Fachhochschulreife;Insgesamt;-;0
1996/97;mit Fachhochschulreife;Insgesamt;-;0
1997/98;mit Fachhochschulreife;Insgesamt;-;0
1998/99;mit Fachhochschulreife;Insgesamt;-;0
1999/00;mit Fachhochschulreife;Insgesamt;-;0
2000/01;mit Fachhochschulreife;Insgesamt;-;0
2001/02;mit Fachhochschulreife;Insgesamt;-;0
2002/03;mit Fachhochschulreife;Insgesamt;-;0
2003/04;mit Fachhochschulreife;Insgesamt;-;0
2004/05;mit Fachhochschulreife;Insgesamt;-;0
2005/06;mit Fachhochschulreife;Insgesamt;-;0
2006/07;mit Fachhochschulreife;Insgesamt;-;0
2007/08;mit Fachhochschulreife;Insgesamt;-;0
2008/09;mit Fachhochschulreife;Insgesamt;-;0
2009/10;mit Fachhochschulreife;Insgesamt;-;0
2010/11;mit Fachhochschulreife;Insgesamt;-;0
2011/12;mit Fachhochschulreife;Insgesamt;-;0
2012/13;mit Fachhochschulreife;Insgesamt;-;0
2013/14;mit Fachhochschulreife;Insgesamt;-;0
2014/15;mit Fachhochschulreife;Insgesamt;-;0
2015/16;mit Fachhochschulreife;Insgesamt;-;0
2016/17;mit Fachhochschulreife;Insgesamt;-;0
2017/18;mit Fachhochschulreife;Insgesamt;-;0
2018/19;mit Fachhochschulreife;Insgesamt;-;0
2019/20;mit Fachhochschulreife;Insgesamt;-;0
2020/21;mit Fachhochschulreife;Insgesamt;-;0
2021/22;mit Fachhochschulreife;Insgesamt;-;0
2022/23;mit Fachhochschulreife;Insgesamt;-;0
2023/24;mit Fachhochschulreife;Insgesamt;-;0
2024/25;mit Fachhochschulreife;Insgesamt;-;0
1994/95;mit allgemeiner Hochschulreife;männlich;x;
1995/96;mit allgemeiner Hochschulreife;männlich;x;
1996/97;mit allgemeiner Hochschulreife;männlich;x;
1997/98;mit allgemeiner Hochschulreife;männlich;x;
1998/99;mit allgemeiner Hochschulreife;männlich;x;
1999/00;mit allgemeiner Hochschulreife;männlich;x;
2000/01;mit allgemeiner Hochschulreife;männlich;x;
2001/02;mit allgemeiner Hochschulreife;männlich;x;
2002/03;mit allgemeiner Hochschulreife;männlich;x;
2003/04;mit allgemeiner Hochschulreife;männlich;x;
2004/05;mit allgemeiner Hochschulreife;männlich;x;
2005/06;mit allgemeiner Hochschulreife;männlich;x;
2006/07;mit allgemeiner Hochschulreife;männlich;x;
2007/08;mit allgemeiner Hochschulreife;männlich;x;
2008/09;mit allgemeiner Hochschulreife;männlich;x;
2009/10;mit allgemeiner Hochschulreife;männlich;x;
2010/11;mit allgemeiner Hochschulreife;männlich;x;
2011/12;mit allgemeiner Hochschulreife;männlich;x;
2012/13;mit allgemeiner Hochschulreife;männlich;x;
2013/14;mit allgemeiner Hochschulreife;männlich;x;
2014/15;mit allgemeiner Hochschulreife;männlich;x;
2015/16;mit allgemeiner Hochschulreife;männlich;x;
2016/17;mit allgemeiner Hochschulreife;männlich;x;
2017/18;mit allgemeiner Hochschulreife;männlich;x;
2018/19;mit allgemeiner Hochschulreife;männlich;x;
2019/20;mit allgemeiner Hochschulreife;männlich;x;
2020/21;mit allgemeiner Hochschulreife;männlich;x;
2021/22;mit allgemeiner Hochschulreife;männlich;x;
2022/23;mit allgemeiner Hochschulreife;männlich;x;
2023/24;mit allgemeiner Hochschulreife;männlich;x;
2024/25;mit allgemeiner Hochschulreife;männlich;x;
1994/95;mit allgemeiner Hochschulreife;weiblich;x;
1995/96;mit allgemeiner Hochschulreife;weiblich;x;
1996/97;mit allgemeiner Hochschulreife;weiblich;x;
1997/98;mit allgemeiner Hochschulreife;weiblich;x;
1998/99;mit allgemeiner Hochschulreife;weiblich;x;
1999/00;mit allgemeiner Hochschulreife;weiblich;x;
2000/01;mit allgemeiner Hochschulreife;weiblich;x;
2001/02;mit allgemeiner Hochschulreife;weiblich;x;
2002/03;mit allgemeiner Hochschulreife;weiblich;x;
2003/04;mit allgemeiner Hochschulreife;weiblich;x;
2004/05;mit allgemeiner Hochschulreife;weiblich;x;
2005/06;mit allgemeiner Hochschulreife;weiblich;x;
2006/07;mit allgemeiner Hochschulreife;weiblich;x;
2007/08;mit allgemeiner Hochschulreife;weiblich;x;
2008/09;mit allgemeiner Hochschulreife;weiblich;x;
2009/10;mit allgemeiner Hochschulreife;weiblich;x;
2010/11;mit allgemeiner Hochschulreife;weiblich;x;
2011/12;mit allgemeiner Hochschulreife;weiblich;x;
2012/13;mit allgemeiner Hochschulreife;weiblich;x;
2013/14;mit allgemeiner Hochschulreife;weiblich;x;
2014/15;mit allgemeiner Hochschulreife;weiblich;x;
2015/16;mit allgemeiner Hochschulreife;weiblich;x;
2016/17;mit allgemeiner Hochschulreife;weiblich;x;
2017/18;mit allgemeiner Hochschulreife;weiblich;x;
2018/19;mit allgemeiner Hochschulreife;weiblich;x;
2019/20;mit allgemeiner Hochschulreife;weiblich;x;
2020/21;mit allgemeiner Hochschulreife;weiblich;x;
2021/22;mit allgemeiner Hochschulreife;weiblich;x;
2022/23;mit allgemeiner Hochschulreife;weiblich;x;
2023/24;mit allgemeiner Hochschulreife;weiblich;x;
2024/25;mit allgemeiner Hochschulreife;weiblich;x;
1994/95;mit allgemeiner Hochschulreife;Insgesamt;-;0
1995/96;mit allgemeiner Hochschulreife;Insgesamt;-;0
1996/97;mit allgemeiner Hochschulreife;Insgesamt;-;0
1997/98;mit allgemeiner Hochschulreife;Insgesamt;-;0
1998/99;mit allgemeiner Hochschulreife;Insgesamt;-;0
1999/00;mit allgemeiner Hochschulreife;Insgesamt;-;0
2000/01;mit allgemeiner Hochschulreife;Insgesamt;-;0
2001/02;mit allgemeiner Hochschulreife;Insgesamt;-;0
2002/03;mit allgemeiner Hochschulreife;Insgesamt;-;0
2003/04;mit allgemeiner Hochschulreife;Insgesamt;-;0
2004/05;mit allgemeiner Hochschulreife;Insgesamt;-;0
2005/06;mit allgemeiner Hochschulreife;Insgesamt;-;0
2006/07;mit allgemeiner Hochschulreife;Insgesamt;-;0
2007/08;mit allgemeiner Hochschulreife;Insgesamt;-;0
2008/09;mit allgemeiner Hochschulreife;Insgesamt;-;0
2009/10;mit allgemeiner Hochschulreife;Insgesamt;-;0
2010/11;mit allgemeiner Hochschulreife;Insgesamt;-;0
2011/12;mit allgemeiner Hochschulreife;Insgesamt;-;0
2012/13;mit allgemeiner Hochschulreife;Insgesamt;-;0
2013/14;mit allgemeiner Hochschulreife;Insgesamt;-;0
2014/15;mit allgemeiner Hochschulreife;Insgesamt;-;0
2015/16;mit allgemeiner Hochschulreife;Insgesamt;-;0
2016/17;mit allgemeiner Hochschulreife;Insgesamt;-;0
2017/18;mit allgemeiner Hochschulreife;Insgesamt;-;0
2018/19;mit allgemeiner Hochschulreife;Insgesamt;-;0
2019/20;mit allgemeiner Hochschulreife;Insgesamt;-;0
2020/21;mit allgemeiner Hochschulreife;Insgesamt;-;0
2021/22;mit allgemeiner Hochschulreife;Insgesamt;-;0
2022/23;mit allgemeiner Hochschulreife;Insgesamt;-;0
2023/24;mit allgemeiner Hochschulreife;Insgesamt;-;0
2024/25;mit allgemeiner Hochschulreife;Insgesamt;-;0
1994/95;Insgesamt;männlich;22156;22156
1995/96;Insgesamt;männlich;22348;22348
1996/97;Insgesamt;männlich;22040;22040
1997/98;Insgesamt;männlich;20635;20635
1998/99;Insgesamt;männlich;20431;20431
1999/00;Insgesamt;männlich;20981;20981
2000/01;Insgesamt;männlich;21094;21094
2001/02;Insgesamt;männlich;20947;20947
2002/03;Insgesamt;männlich;20063;20063
2003/04;Insgesamt;männlich;19248;19248
2004/05;Insgesamt;männlich;18402;18402
2005/06;Insgesamt;männlich;16690;16690
2006/07;Insgesamt;männlich;13660;13660
2007/08;Insgesamt;männlich;9740;9740
2008/09;Insgesamt;männlich;7945;7945
2009/10;Insgesamt;männlich;7272;7272
2010/11;Insgesamt;männlich;6854;6854
2011/12;Insgesamt;männlich;7061;7061
2012/13;Insgesamt;männlich;7846;7846
2013/14;Insgesamt;männlich;8683;8683
2014/15;Insgesamt;männlich;8357;8357
2015/16;Insgesamt;männlich;9067;9067
2016/17;Insgesamt;männlich;9592;9592
2017/18;Insgesamt;männlich;9194;9194
2018/19;Insgesamt;männlich;9511;9511
2019/20;Insgesamt;männlich;9603;9603
2020/21;Insgesamt;männlich;9809;9809
2021/22;Insgesamt;männlich;9955;9955
2022/23;Insgesamt;männlich;10006;10006
2023/24;Insgesamt;männlich;10794;10794
2024/25;Insgesamt;männlich;11270;11270
1994/95;Insgesamt;weiblich;17581;17581
1995/96;Insgesamt;weiblich;17968;17968
1996/97;Insgesamt;weiblich;18490;18490
1997/98;Insgesamt;weiblich;17288;17288
1998/99;Insgesamt;weiblich;17263;17263
1999/00;Insgesamt;weiblich;17862;17862
2000/01;Insgesamt;weiblich;18618;18618
2001/02;Insgesamt;weiblich;18436;18436
2002/03;Insgesamt;weiblich;17728;17728
2003/04;Insgesamt;weiblich;16908;16908
2004/05;Insgesamt;weiblich;16071;16071
2005/06;Insgesamt;weiblich;14568;14568
2006/07;Insgesamt;weiblich;11903;11903
2007/08;Insgesamt;weiblich;8481;8481
2008/09;Insgesamt;weiblich;7160;7160
2009/10;Insgesamt;weiblich;6520;6520
2010/11;Insgesamt;weiblich;5947;5947
2011/12;Insgesamt;weiblich;6505;6505
2012/13;Insgesamt;weiblich;7167;7167
2013/14;Insgesamt;weiblich;7396;7396
2014/15;Insgesamt;weiblich;7630;7630
2015/16;Insgesamt;weiblich;7942;7942
2016/17;Insgesamt;weiblich;8123;8123
2017/18;Insgesamt;weiblich;7931;7931
2018/19;Insgesamt;weiblich;8197;8197
2019/20;Insgesamt;weiblich;8544;8544
2020/21;Insgesamt;weiblich;8649;8649
2021/22;Insgesamt;weiblich;8744;8744
2022/23;Insgesamt;weiblich;9010;9010
2023/24;Insgesamt;weiblich;9442;9442
2024/25;Insgesamt;weiblich;10020;10020
1994/95;Insgesamt;Insgesamt;39737;39737
1995/96;Insgesamt;Insgesamt;40316;40316
1996/97;Insgesamt;Insgesamt;40530;40530
1997/98;Insgesamt;Insgesamt;37923;37923
1998/99;Insgesamt;Insgesamt;37694;37694
1999/00;Insgesamt;Insgesamt;38843;38843
2000/01;Insgesamt;Insgesamt;39712;39712
2001/02;Insgesamt;Insgesamt;39383;39383
2002/03;Insgesamt;Insgesamt;37791;37791
2003/04;Insgesamt;Insgesamt;36156;36156
2004/05;Insgesamt;Insgesamt;34473;34473
2005/06;Insgesamt;Insgesamt;31258;31258
2006/07;Insgesamt;Insgesamt;25563;25563
2007/08;Insgesamt;Insgesamt;18221;18221
2008/09;Insgesamt;Insgesamt;15105;15105
2009/10;Insgesamt;Insgesamt;13792;13792
2010/11;Insgesamt;Insgesamt;12801;12801
2011/12;Insgesamt;Insgesamt;13566;13566
2012/13;Insgesamt;Insgesamt;15013;15013
2013/14;Insgesamt;Insgesamt;16079;16079
2014/15;Insgesamt;Insgesamt;15987;15987
2015/16;Insgesamt;Insgesamt;17009;17009
2016/17;Insgesamt;Insgesamt;17715;17715
2017/18;Insgesamt;Insgesamt;17125;17125
2018/19;Insgesamt;Insgesamt;17708;17708
2019/20;Insgesamt;Insgesamt;18147;18147
2020/21;Insgesamt;Insgesamt;18458;18458
2021/22;Insgesamt;Insgesamt;18699;18699
2022/23;Insgesamt;Insgesamt;19016;19016
2023/24;Insgesamt;Insgesamt;20236;20236
2024/25;Insgesamt;Insgesamt;21290;21290
