"id","name","owner_id","owner_abbreviation","owner_name","owner_type"
"280","1. Oberschule Großenhain ""Am Kupferberg""","402","","Stadt Großenhain","15"
"2158","1. Oberschule Kamenz","833","","Landkreis Bautzen","16"
"485","101. Oberschule ""Johannes Gutenberg""","874","","Stadt Dresden","14"
"3763","107. Oberschule Dresden","874","","Stadt Dresden","14"
"584","116. Oberschule Dresden","874","","Stadt Dresden","14"
"581","121. Oberschule Dresden ""Johann Georg Palitzsch""","874","","Stadt Dresden","14"
"2394","125. Schule - Oberschule der Stadt Leipzig","876","","Stadt Leipzig","14"
"1538","128. Oberschule ""Carola von Wasa""","874","","Stadt Dresden","14"
"1571","138. Oberschule Dresden","874","","Stadt Dresden","14"
"3994","145. Oberschule Dresden-Pieschen","874","","Stadt Dresden","14"
"2395","16. Schule - Oberschule der Stadt Leipzig","876","","Stadt Leipzig","14"
"2236","2. Oberschule ""Am Schacht"" Großenhain","402","","Stadt Großenhain","15"
"4243","205. Schule - Oberschule der Stadt Leipzig","876","","Stadt Leipzig","14"
"2046","25. Oberschule Dresden","874","","Stadt Dresden","14"
"2065","30. Oberschule Dresden","874","","Stadt Dresden","14"
"2050","32. Oberschule Dresden","874","","Stadt Dresden","14"
"2053","35. Oberschule Dresden","874","","Stadt Dresden","14"
"840","35. Schule - Oberschule der Stadt Leipzig","876","","Stadt Leipzig","14"
"596","36. Oberschule Dresden","874","","Stadt Dresden","14"
"568","46. Oberschule Dresden","874","","Stadt Dresden","14"
"4231","5. Oberschule Görlitz","367","","Stadt Görlitz","15"
"571","55. Oberschule Dresden ""Gottlieb Traugott Bienert""","874","","Stadt Dresden","14"
"2052","56. Oberschule Dresden","874","","Stadt Dresden","14"
"2384","56. Schule - Oberschule der Stadt Leipzig","876","","Stadt Leipzig","14"
"2062","62. Oberschule ""Friedrich Schiller""","874","","Stadt Dresden","14"
"2049","64. Oberschule Dresden","874","","Stadt Dresden","14"
"2059","66. Oberschule Dresden","874","","Stadt Dresden","14"
"2056","76. Oberschule Dresden ""Am Briesnitzer Schulberg""","874","","Stadt Dresden","14"
"2067","82. Oberschule Dresden ""Am Flughafen""","874","","Stadt Dresden","14"
"2063","88. Oberschule ""Am Pillnitzer Elbhang"" Dresden","874","","Stadt Dresden","14"
"1552","9. Oberschule ""Am Elbe Park""","874","","Stadt Dresden","14"
"939","94. Schule - Oberschule im Schulzentrum Grünau der Stadt Leipzig","876","","Stadt Leipzig","14"
"3283","Achatschule St. Egidien-Oberschule mit Berufsorientierung (Schule in freier Trägerschaft)","6046","KIBIS","Kinderbetreuungs- und Bildungsträger St. Egidien gGmbH","20"
"388","Adolf-Traugott-von-Gersdorf- Oberschule","443","","Gemeinde Kodersdorf","12"
"4240","AHFOberschule Markkleeberg (Schule in freier Trägerschaft)","6067","AHF","AHFSchulverein e. V.","20"
"4054","Aktive Schule Leipzig - Freie Oberschule (Schule in freier Trägerschaft)","6111","ASL","Aktive Schule Leipzig e.V.","20"
"1881","Albert-Schweitzer-Oberschule","873","","Stadt Chemnitz","14"
"4045","Alexander-von-Humboldt-Oberschule Chemnitz","873","","Stadt Chemnitz","14"
"3962","Aktive Schule Dresden Oberschule des epharisto e.V. (Schule in freier Trägerschaft)","6142","EPHA","epharisto e.V.","22"
"1984","Altstadtschule Stollberg, Oberschule","257","","Stadt Stollberg","15"
"4215","Alwine-Winter-Schule - Oberschule der Stadt Leipzig","876","","Stadt Leipzig","14"
"2189","Andert-Oberschule Ebersbach","345","","Stadt Ebersbach-Neugersdorf","13"
"2379","Apollonia-von-Wiedebach-Schule - Oberschule der Stadt Leipzig","876","","Stadt Leipzig","14"
"308","Arthur-Kießling-Oberschule Königsbrück","833","","Landkreis Bautzen","16"
"2306","Artur-Becker-Oberschule Delitzsch","760","","Stadt Delitzsch","15"
"4130","Barnet-Licht-Schule - Oberschule der Stadt Leipzig","876","","Stadt Leipzig","14"
"949","Bildungszentrum Adam Ries, Oberschule","867","","Stadt Annaberg-Buchholz","15"
"2665","Bischöfliches Maria-Montessori-Schulzentrum Leipzig Oberschule (Schule in freier Trägerschaft)","1091","BIDM","Bistum Dresden-Meißen","21"
"114","Bruno-Bürgel-Oberschule Weißwasser","411","","Stadt Weißwasser/O.L.","15"
"3354","Carl-Friedrich-Goerdeler-Oberschule Leipzig (Schule in freier Trägerschaft)","1020","SEMPW","Gemeinnützige Gesellschaft Semper Bildungswerk mbH","29"
"2370","Caroline-Neuber-Schule, Oberschule im Deutsch-Französischen Bildungszentrum der Stadt Leipzig","876","","Stadt Leipzig","14"
"2389","Christian-Gottlob-Frege-Schule - Oberschule der Stadt Leipzig","876","","Stadt Leipzig","14"
"2009","Christian-Lehmann-Oberschule","849","","Stadt Scheibenberg","13"
"3985","Christliche Oberschule Johanneum (Schule in freier Trägerschaft)","1032","JOHY","Schulträgerverein Johanneum Hoyerswerda e.V.","21"
"3378","Christliche Schule Dresden Oberschule (Schule in freier Trägerschaft)","1449","CSDD","Christliche Schulen Dresden gGmbH","22"
"2119","Comenius-Schule Mücka, Oberschule","434","","Gemeinde Mücka","12"
"4033","Denis-Diderot-Schule - Oberschule der Stadt Leipzig","876","","Stadt Leipzig","14"
"2035","Diesterweg-Oberschule Werdau","52","","Stadt Werdau","15"
"1941","Diesterwegschule Burgstädt, Oberschule","527","","Stadt Burgstädt","13"
"2270","Dinter-Oberschule Borna","654","","Stadt Borna","15"
"1926","Dittesschule, Oberschule","929","","Stadt Plauen","15"
"3945","DPFA-Regenbogen-Oberschule Chemnitz der DPFA-Schulen gGmbH (Schule in freier Trägerschaft)","1303","DPFAS","DPFA-Schulen gemeinnützige GmbH","29"
"3157","DPFA-Regenbogen-Oberschule Rabenau (Schule in freier Trägerschaft)","1303","DPFAS","DPFA-Schulen gemeinnützige GmbH","29"
"3977","DPFA-Regenbogen-Oberschule Zwickau (Schule in freier Trägerschaft)","1303","DPFAS","DPFA-Schulen gemeinnützige GmbH","29"
"1376","Dr.-Christoph-Hufeland-Oberschule, Unesco-Projekt-Schule","929","","Stadt Plauen","15"
"377","Dr.-Eberle-Schule Nossen, Oberschule","585","","Stadt Nossen","13"
"123","Dr.-Salvador-Allende-Oberschule Bautzen","834","","Stadt Bautzen","15"
"2307","Erasmus-Schmidt-Schule Oberschule der Stadt Delitzsch","760","","Stadt Delitzsch","15"
"1943","Erich-Viehweg-Oberschule","526","","Stadt Frankenberg","13"
"2164","Ernst-Rietschel-Oberschule Pulsnitz","833","","Landkreis Bautzen","16"
"3485","Europäische Oberschule mit Berufsorientierung Hartmannsdorf (Schule in freier Trägerschaft)","1014","TEGW","Trägerverein Europäisches Gymnasium Waldenburg e.V.","22"
"3480","Europäische Oberschule mit Berufsorientierung Waldenburg (Schule in freier Trägerschaft)","1014","TEGW","Trägerverein Europäisches Gymnasium Waldenburg e.V.","22"
"3481","Evangelische Montessori Oberschule Plauen (Schule in freier Trägerschaft)","1420","EMSP","Evangelischer Montessorischulverein Plauen e.V.","21"
"2588","Evangelische Oberschule ""Erhard und Rudolf Mauersberger"" (Schule in freier Trägerschaft)","1103","ESG","Evangelischer Schulverein Großrückerswalde e.V.","21"
"4088","Evangelische Oberschule Belgern-Schildau (Schule in freier Trägerschaft)","6206","ESSGN","Evangelische Sekundarschulgemeinschaft Niederlausitz gGmbH","20"
"3005","Evangelische Oberschule Burkhardtsdorf (Schule in freier Trägerschaft)","6003","OESB","Ökumenischer Schulverein Burkhardtsdorf e. V.","20"
"3729","Evangelische Oberschule Coswig (Schule in freier Trägerschaft)","6061","EVSCW","Evangelische Schule Coswig gGmbH","20"
"2704","Evangelische Oberschule Gaußig (Schule in freier Trägerschaft)","1310","EVSBZ","Evangelischer Schulverein im Landkreis Bautzen e. V.","21"
"3017","Evangelische Oberschule Gersdorf (Schule in freier Trägerschaft)","1453","CSV","Christlicher Schulverein e. V.","22"
"3579","Evangelische Oberschule Hochkirch (Schule in freier Trägerschaft)","6091","EVSHK","Evangelischer Schulverein Hochkirch e.V.","22"
"4011","Evangelische Oberschule Klipphausen (Schule in freier Trägerschaft)","6175","SESG","Stiftung Evangelische Schule in Gemeinschaft","21"
"4043","Evangelische Oberschule Leukersdorf (Schule in freier Trägerschaft)","6075","ESLE","Evangelischer Schulverein Leukersdorf e. V.","22"
"3137","Evangelische Oberschule Lunzenau (Schule in freier Trägerschaft)","6019","ESLU","Evangelischer Schulverein Lunzenau e. V.","21"
"3301","Evangelische Oberschule Oßling (Schule in freier Trägerschaft)","6161","CSO","Christliches Schulhaus Oßling gGmbH","20"
"4264","Evangelische Oberschule Pirna (Schule in freier Trägerschaft)","1410","EVSPI","Evangelisches Schulzentrum Pirna gGmbH","21"
"3186","Evangelische Oberschule Schneeberg (Schule in freier Trägerschaft)","1380","ESS","Evangelischer Schulverein Schneeberg e.V.","22"
"3897","Evangelische Schule ""Stephan Roth"" - Oberschule (Schule in freier Trägerschaft)","6035","CMSZ","Christen machen Schule Zwickau gGmbH","20"
"3410","Evangelische Schulgemeinschaft Erzgebirge, Oberschule (Schule in freier Trägerschaft)","1366","ESE","Evangelische Schulgemeinschaft Erzgebirge e.V.","21"
"3415","Evangelische Werkschule Milkau Oberschule (Schule in freier Trägerschaft)","6071","EWM","Evangelische Werkschule Milkau e. V.","20"
"3313","Evangelische Werkschule Naundorf - Oberschule -Evangelische Bekenntnisschule- (Schule in freier Trägerschaft)","6136","EWSV","Evangelischer Werkschulverein e.V.","22"
"3986","Evangelische Zinzendorf-Oberschule Herrnhut (Schule in freier Trägerschaft)","6030","BRUEN","Schulstiftung der Evangelischen Brüder-Unität Herrnhut","21"
"3956","Evangelisches Schulzentrum Bad Düben Oberschule (Schule in freier Trägerschaft)","1367","ESZB","Evangelisches Schulzentrum Bad Düben Schulbetrieb gemeinnützige GmbH","29"
"2527","Evangelisches Schulzentrum Chemnitz, Oberschule (Schule in freier Trägerschaft)","1006","FESC","Freier Evangelischer Schulverein Chemnitz e.V. ","21"
"4049","Evangelisches Schulzentrum Radebeul, Oberschule (Schule in freier Trägerschaft)","1450","EVSRA","Evangelischer Schulverein Radebeul e. V.","22"
"3198","Freie Alternativschule Dresden Oberschule (Schule in freier Trägerschaft)","1096","FASDD","Freie Alternativschule Dresden e.V.","22"
"2450","Evangelisches Schulzentrum Leipzig in Trägerschaft des Evangelisch-Lutherischen Kirchenbezirkes Leipzig Oberschule (Schule in freier Trägerschaft)","1043","ESZL","Ev.-Luth. Kirchenbezirk Leipzig","21"
"3298","Freie Christliche Schule Schirgiswalde (Schule in freier Trägerschaft)","6048","CVSCH","Christlicher Schulverein Schirgiswalde e.V.","22"
"3199","Freie Evangelische Oberschule Dresden (Schule in freier Trägerschaft)","1022","EVSDD","FES Dresden gGmbH","22"
"3918","Freie Evangelische Oberschule Görlitz (Schule in freier Trägerschaft)","1455","EVSNG","Evangelischer Schulverein Görlitz e.V.","22"
"4048","Freie Gemeinschaftliche Schule ,,Maria Montessori"" - Oberschule (Schule in freier Trägerschaft)","1299","CSVF","Christlicher Schulverein Freiberg e.V.","22"
"4180","Freie Landschule der Generationen - Oberschule (Schule in freier Trägerschaft)","6179","FLS","Freie Landschule e. V.","22"
"3913","Freie Montessorischule Huckepack Oberschule (Schule in freier Trägerschaft)","1095","HUCKE","Huckepack e.V.","22"
"4007","Freie Oberschule Gohlis -Schulen für gemeinschaftliches Lernen e.V. (Schule in freier Trägerschaft)","6020","SCHUG","Schulen für gemeinschaftliches Lernen e. V.","22"
"3148","Freie Oberschule Rietschen (Schule in freier Trägerschaft)","6023","FSRIE","Freie Schule Rietschen e. V.","22"
"3433","Freie Oberschule Sabel Freital (Schule in freier Trägerschaft)","1027","SABEL","Sabel Freital gGmbH","29"
"3299","Freie Oberschule „Johann Heinrich Pestalozzi“ (Schule in freier Trägerschaft)","6049","TVDUB","Freie Schule Großdubrau e. V.","22"
"3976","Freie Oberschule am König-Albert-Stift Plauen des Institut für Wissen und Bildung private Berufsfachschulen GmbH (Schule in freier Trägerschaft)","1302","IWB","Institut für Wissen und Bildung private Berufsfachschulen GmbH","29"
"3309","Freie Schule Boxberg/ O.L. (Oberschule)- (Schule in freier Trägerschaft)","6054","TVBOX","Trägerverein Freie Schule Boxberg/O.L. e.V.","22"
"3123","Freie Schule Erzgebirgsblick, Oberschule - staatlich anerkannte Ersatzschule - (Schule in freier Trägerschaft)","955","FESE","Freie Schule Erzgebirgsblick gGmbH","22"
"4236","Freie Schule Langenbernsdorf Oberschule (Schule in freier Trägerschaft)","6195","FSL","Freie Schule Langenbernsdorf Oberschule gGmbH","20"
"1620","Freie Schule Leipzig e.V. (Schule in freier Trägerschaft)","1072","FRSCH","Freie Schule Leipzig e.V.","22"
"3302","Freie Schule Schwepnitz - Oberschule (Schule in freier Trägerschaft)","6051","FSITZ","Freie Schule Schwepnitz e.V.","22"
"4008","Freie Schule Torgau Oberschule (Schule in freier Trägerschaft)","1369","PROTO","PRO MONTESSORI e.V.","22"
"3730","Freie Waldorfschule ""Jacob Böhme"" (Schule in freier Trägerschaft)","6100","JBSGZ","Jacob Böhme Schule e. V.","20"
"1828","Freie Waldorfschule Dresden (Schule in freier Trägerschaft)","1073","AWALD","Verein der Freien Waldorfschule Dresden e. V.","22"
"1622","Freie Waldorfschule Leipzig (Schule in freier Trägerschaft)","1038","WALDO","Verein der Waldorfschulgemeinschaft Leipzig e.V.","22"
"4086","Freies Evangelisches Limbacher Schulzentrum - Oberschule (Schule in freier Trägerschaft)","6153","ESLO","Evangelischer Schulverein Limbach-Oberfrohna e. V.","22"
"3216","Freie Schule Weißenberg - Oberschule (Schule in freier Trägerschaft)","6036","SVWB","Schulträgerverein Weißenberg e.V.","22"
"1368","Friedensschule Plauen - Oberschule","929","","Stadt Plauen","15"
"4072","Friedrich August III. Oberschule (Schule in freier Trägerschaft)","6149","SGS","SGS Sächsische Gesellschaft für handwerks- und mittelstandsbezogene Schulbildung gGmbH","20"
"1884","Friedrich-Adolf-Wilhelm-Diesterweg-Oberschule","873","","Stadt Chemnitz","14"
"1952","Friedrich-Eduard-Bilz-Oberschule Penig","507","","Stadt Penig","13"
"1947","Friedrich-Gottlob-Keller-Oberschule","516","","Stadt Hainichen","13"
"409","Friedrich-Schiller-Oberschule Neustadt/Sachsen","298","","Stadt Neustadt i. Sa.","13"
"2311","Friedrich-Tschanter-Oberschule Eilenburg","763","","Stadt Eilenburg","15"
"1404","Fucikschule, Oberschule","104","","Stadt Zwickau","15"
"158","Gerhart-Hauptmann-Schule Sohland, Oberschule","801","","Gemeinde Sohland a. d. Spree","12"
"1949","Gerhart-Hauptmann-Schule, Oberschule","777","","Stadt Limbach-Oberfrohna","15"
"1051","Geschwister-Scholl-Oberschule","777","","Stadt Limbach-Oberfrohna","15"
"672","Geschwister-Scholl-Oberschule Roßwein","710","","Stadt Roßwein","13"
"1981","Geschwister-Scholl-Oberschule Schönheide","151","","Gemeinde Schönheide","12"
"2282","Geschwister-Scholl-Schule Liebertwolkwitz - Oberschule der Stadt Leipzig","876","","Stadt Leipzig","14"
"163","Goethe-Oberschule Wilthen","800","","Stadt Wilthen","13"
"1966","Goethe-Schule Breitenbrunn, Oberschule","167","","Gemeinde Breitenbrunn/Erzgeb.","12"
"775","Goetheschule Mügeln, Oberschule","238","","Stadt Mügeln","13"
"2144","Gottlieb-Daimler-Oberschule Bautzen","834","","Stadt Bautzen","15"
"4057","gruuna Schule -Freie Waldorfschule (Schule in freier Trägerschaft)","6146","GRUU","gruuna Schule gGmbH","20"
"4157","Gut Loberthal - Handlungspädagogische Waldorfschule (Schule in freier Trägerschaft)","6177","LOB","Loberthal e.V.","22"
"2003","Heiner-Müller-Schule, Oberschule Eppendorf","699","","Gemeinde Eppendorf","12"
"983","Heinrich-Heine-Oberschule","153","","Stadt Lauter-Bernsbach","13"
"2195","Heinrich-Pestalozzi Oberschule Löbau","342","","Stadt Löbau","15"
"2269","Heinrich-Pestalozzi-Schule - Oberschule der Stadt Leipzig","876","","Stadt Leipzig","14"
"1972","Heinrich-von-Kleist-Schule, Oberschule","782","","Stadt Lichtenstein/Sa.","13"
"2386","Helmholtzschule - Oberschule der Stadt Leipzig","876","","Stadt Leipzig","14"
"3129","Hoffnungswerk Evangelisches Schulzentrum Evangelische Oberschule Schöneck (Schule in freier Trägerschaft)","6015","OVVIM","Hoffnungswerk Vogtland e. V.","21"
"2974","HOGA Oberschule Dresden (Schule in freier Trägerschaft)","1016","HOGA","HOGA Schulen Dresden gSchulgesellschaft mbH","29"
"1389","Humboldtschule, Oberschule","104","","Stadt Zwickau","15"
"4127","Interkulturelle Waldorfschule Dresden (Schule in freier Trägerschaft)","6168","VIWP","Verein für lnterkulturelle Waldorfpädagogik e. V.","22"
"4196","Internationale Oberschule Geithain (IOG) (Schule in freier Trägerschaft)","1441","SIS","Saxony International School - Carl Hahn gemeinnützige GmbH","29"
"3351","Internationale Oberschule Meerane (Schule in freier Trägerschaft)","1441","SIS","Saxony International School - Carl Hahn gemeinnützige GmbH","29"
"3145","Internationale Oberschule Neukirchen (Schule in freier Trägerschaft)","1441","SIS","Saxony International School - Carl Hahn gemeinnützige GmbH","29"
"3350","Internationale Oberschule Niederwürschnitz (Schule in freier Trägerschaft)","1441","SIS","Saxony International School - Carl Hahn gemeinnützige GmbH","29"
"3345","Internationale Oberschule Reinsdorf (IOR) (Schule in freier Trägerschaft)","1441","SIS","Saxony International School - Carl Hahn gemeinnützige GmbH","29"
"2030","Jakobus-Oberschule","70","","Gemeinde Mülsen","12"
"2984","Jenaplanschule Markersbach Oberschule (Schule in freier Trägerschaft)","1434","TJE","Jenaplanschule im Erzgebirge e. V.","22"
"1951","Johann-Gottlieb-Fichte-Schule, Oberschule","503","","Stadt Mittweida","15"
"1420","Josephinenschule, Oberschule","873","","Stadt Chemnitz","14"
"3724","Karl Schubert Schule Leipzig - Freie Waldorfschule (Schule in freier Trägerschaft)","6098","KSWAL","Karl Schubert Schule Leipzig. Freie Waldorfschule e.V.","20"
"797","Katharina-von-Bora-Oberschule Torgau","221","","Stadt Torgau","15"
"2022","Käthe-Kollwitz-Oberschule","106","","Stadt Crimmitschau","15"
"1371","Kemmlerschule, Oberschule","929","","Stadt Plauen","15"
"843","Klaus-Gottschalk-Schule - Oberschule der Stadt Leipzig","876","","Stadt Leipzig","14"
"3134","KOMPAKT-Schule mit Zukunft - Oberschule Gemeinnützige Schulträgergesellschaft mbH (Schule in freier Trägerschaft)","1092","KOMP","KOMPAKT - Schule mit Zukunft gemeinnützige Schulträgergesellschaft mbH","29"
"4094","Kulturwerkschule - Oberschule (Schule in freier Trägerschaft)","6157","KWSDD","Kulturwerkschule gGmbH","20"
"202","Kurfürst-Moritz-Schule, Oberschule Boxdorf","36","","Gemeinde Moritzburg","12"
"1115","Lehngrundschule, Oberschule","788","","Stadt Glauchau","15"
"2381","Lene-Voigt-Schule - Oberschule der Stadt Leipzig","876","","Stadt Leipzig","14"
"351","Leonhard-Frank-Oberschule","596","","Stadt Coswig","15"
"2292","Lessing-Oberschule Schkeuditz","605","","Stadt Schkeuditz","15"
"2221","Ludwig-Renn-Oberschule Stolpen","285","","Stadt Stolpen","13"
"216","Ludwig-Richter-Schule, Oberschule Radeberg","27","","Stadt Radeberg","15"
"1873","Marianne-Brandt-Oberschule Chemnitz","873","","Stadt Chemnitz","14"
"1928","Marienschule Treuen-Oberschule","1286","","Schulverband Treuener Land","18"
"449","Melanchthonschule Oberschule 3","367","","Stadt Görlitz","15"
"4012","Melli-Beese-Oberschule (Schule in freier Trägerschaft)","1020","SEMPW","Gemeinnützige Gesellschaft Semper Bildungswerk mbH","29"
"3370","Montessorischule Chemnitz - Oberschule (Schule in freier Trägerschaft)","1106","MVC","Montessori-Verein Chemnitz e.V.","22"
"3280","Neue Oberschule Crottendorf (Schule in freier Trägerschaft)","1278","ASG","ASG - Anerkannte Schulgesellschaft mbH","29"
"1481","Oberschule ""Am Flughafen""","873","","Stadt Chemnitz","14"
"4217","Oberschule ""Am Hartmannplatz""","873","","Stadt Chemnitz","14"
"655","Oberschule ""Am Holländer"" Döbeln","721","","Stadt Döbeln","15"
"413","Oberschule ""Am Knöchel"" Sebnitz","283","","Stadt Sebnitz","15"
"1430","Oberschule ""Am Körnerplatz"" Chemnitz","873","","Stadt Chemnitz","14"
"2091","Oberschule ""Am Marienschacht"" Bannewitz","217","","Gemeinde Bannewitz","12"
"47","Oberschule ""Am Merzdorfer Park"" Riesa","390","","Stadt Riesa","15"
"49","Oberschule ""Am Sportzentrum"" Riesa","390","","Stadt Riesa","15"
"1541","Oberschule ""Am Valtenberg""","810","","Gemeinde Neukirch/Lausitz","12"
"1953","Oberschule ""An der Mulde""","497","","Stadt Rochlitz","15"
"2249","Oberschule ""Anne Frank"" Stauchitz","383","","Gemeinde Stauchitz","12"
"2013","Oberschule ""August Bebel""","533","","Stadt Zschopau","15"
"29","Oberschule ""Carl Friedrich Gauß"" Pirna-Sonnenstein","288","","Stadt Pirna","15"
"1853","Oberschule ""Clara Zetkin""","694","","Stadt Freiberg","15"
"1852","Oberschule ""Clemens Winkler""","694","","Stadt Freiberg","15"
"2133","Oberschule ""Dr. Marja Grollmuß""","422","","Gemeinde Schleife","12"
"2027","Oberschule ""Dr. Theodor Neubauer""","83","","Stadt Kirchberg","13"
"1905","Oberschule ""Felix Mauersberger""","890","","Stadt Netzschkau","13"
"2288","Oberschule ""Frederic Joliot Curie"" Pegau","617","","Stadt Pegau","13"
"1927","Oberschule ""Friedrich Rückert""","929","","Stadt Plauen","15"
"2097","Oberschule ""G. E. Lessing"" Freital-Potschappel","202","","Stadt Freital","15"
"1006","Oberschule ""Geschwister Scholl""","925","","Stadt Auerbach/Vogtl.","15"
"2095","Oberschule ""Geschwister Scholl"" Freital-Hainsberg","202","","Stadt Freital","15"
"108","Oberschule ""Geschwister Scholl"" Krauschwitz","439","","Gemeinde Krauschwitz","12"
"1851","Oberschule ""Gottfried Pabst von Ohain""","694","","Stadt Freiberg","15"
"1904","Oberschule ""Gotthold Ephraim Lessing""","887","","Stadt Lengenfeld","13"
"2100","Oberschule ""Hans Poelzig"" Klingenberg","186","","Gemeinde Klingenberg","12"
"1860","Oberschule ""Heinrich von Trebra""","547","","Stadt Marienberg","15"
"945","Oberschule ""Johann Heinrich Pestalozzi""","867","","Stadt Annaberg-Buchholz","15"
"7","Oberschule ""Johann Wolfgang von Goethe""","309","","Stadt Heidenau","13"
"2638","Oberschule ""Johann Wolfgang von Goethe""","288","","Stadt Pirna","15"
"1001","Oberschule ""Katharina Peters"" Zwönitz","254","","Stadt Zwönitz","13"
"2135","Oberschule ""Korla Awgust Kocor"" Wittichenau","5","","Stadt Wittichenau","13"
"2014","Oberschule ""Martin Andersen Nexö""","533","","Stadt Zschopau","15"
"2275","Oberschule ""Maxim Gorki"" Frohburg","652","","Stadt Frohburg","13"
"399","Oberschule ""Moritz Zimmermann"" Rothenburg","421","","Stadt Rothenburg/O.L.","13"
"39","Oberschule ""Siegfried Richter"" Gröditz","401","","Stadt Gröditz","13"
"2096","Oberschule ""Waldblick"" Freital-Niederhäslich","202","","Stadt Freital","15"
"2267","Oberschule ""Werner Seelenbinder"" Bad Lausick","489","","Stadt Bad Lausick","13"
"3703","Oberschule - Freie Werkschule Meißen (Schule in freier Trägerschaft)","1425","FWERK","Miteinander - Freie Werkschule Meißen e. V.","22"
"1890","Oberschule Altendorf","873","","Stadt Chemnitz","14"
"2092","Oberschule am Pfortenberg Dippoldiswalde","210","","Stadt Dippoldiswalde","15"
"1974","Oberschule am Steegenwald","268","","Stadt Lugau/Erzgeb.","13"
"2157","Oberschule an der Elsteraue Kamenz","833","","Landkreis Bautzen","16"
"2203","Oberschule an der Weinau Zittau","318","","Stadt Zittau","15"
"4131","Oberschule Arnsdorf","833","","Landkreis Bautzen","16"
"1961","Oberschule Aue-Zelle","174","ASC","Stadt Aue-Bad Schlema","15"
"1963","Oberschule Auerbach","278","","Gemeinde Auerbach","12"
"682","Oberschule Bad Düben","764","","Stadt Bad Düben","13"
"5","Oberschule Bad Gottleuba","320","","Stadt Bad Gottleuba-Berggießhübel","13"
"2302","Oberschule Beilrode","246","","Gemeinde Beilrode","12"
"3182","Oberschule Bergstadt Schneeberg","150","","Stadt Schneeberg","13"
"1864","Oberschule Bergstadtschule Sayda","669","","Stadt Sayda","13"
"2184","Oberschule Bernstadt ""Klaus Riedel""","369","","Stadt Bernstadt a. d. Eigen","13"
"165","Oberschule Bischofswerda","835","","Stadt Bischofswerda","15"
"2268","Oberschule Böhlen bei Borna","666","","Stadt Böhlen","13"
"1849","Oberschule Brand-Erbisdorf","706","","Stadt Brand-Erbisdorf","15"
"2334","Oberschule Brandis","480","","Stadt Brandis","13"
"1038","Oberschule Claußnitz","523","","Gemeinde Claußnitz","12"
"203","Oberschule Cossebaude","874","","Stadt Dresden","14"
"1317","Oberschule des Friedens","860","","Stadt Ehrenfriedersdorf","13"
"2210","Oberschule Dohna","311","","Stadt Dohna","13"
"3278","Oberschule Dresden-Pieschen","874","","Stadt Dresden","14"
"2235","Oberschule Ebersbach","410","","Gemeinde Ebersbach","12"
"2150","Oberschule Elstra","133","","Stadt Elstra","13"
"1073","Oberschule Flöha-Plaue","697","","Stadt Flöha","15"
"1447","Oberschule Gablenz","873","","Stadt Chemnitz","14"
"2098","Oberschule Geising","216","","Stadt Altenberg","13"
"133","Oberschule Gesundbrunnen","834","","Stadt Bautzen","15"
"4274","Oberschule Göltzschtal (Schule in freier Trägerschaft)","6015","OVVIM","Hoffnungswerk Vogtland e. V.","21"
"2344","Oberschule Grimma","471","","Stadt Grimma","15"
"2277","Oberschule Groitzsch","641","","Stadt Groitzsch","13"
"1964","Oberschule Grünhain-Beierfeld","175","","Stadt Grünhain-Beierfeld","13"
"1856","Oberschule Halsbrücke","688","","Gemeinde Halsbrücke","12"
"4035","Oberschule Hoyerswerda","14","","Stadt Hoyerswerda","15"
"3314","Oberschule im Evangelischen Schulzentrum Muldental (Schule in freier Trägerschaft)","1370","ESZM","Evangelisches Schulzentrum Muldental e.V.","21"
"2341","Oberschule im Lossatal","6109","","Gemeinde Lossatal","12"
"447","Oberschule Innenstadt Görlitz","367","","Stadt Görlitz","15"
"2004","Oberschule Jöhstadt, Eliteschule des Sports","857","","Stadt Jöhstadt","13"
"2280","Oberschule Kitzscher","637","","Stadt Kitzscher","13"
"2214","Oberschule Königstein","302","","Stadt Königstein/Sächs. Schw.","13"
"2233","Oberschule Kötitz","596","","Stadt Coswig","15"
"2106","Oberschule Kötzschenbroda","28","","Stadt Radebeul","15"
"2101","Oberschule Kreischa","189","","Gemeinde Kreischa","12"
"101","Oberschule Lauta","833","","Landkreis Bautzen","16"
"1859","Oberschule Lengefeld","6127","","Stadt Pockau-Lengefeld","13"
"2028","Oberschule Leubnitz","52","","Stadt Werdau","15"
"1035","Oberschule Lichtenau","532","","Gemeinde Lichtenau","12"
"1347","Oberschule Lichtentanne","80","","Gemeinde Lichtentanne","12"
"103","Oberschule Lohsa","833","","Landkreis Bautzen","16"
"2238","Oberschule Lommatzscher Pflege","582","","Stadt Lommatzsch","13"
"987","Oberschule Lößnitz","156","","Stadt Lößnitz","13"
"153","Oberschule Malschwitz","833","","Landkreis Bautzen","16"
"744","Oberschule Markkleeberg","626","","Stadt Markkleeberg","15"
"2283","Oberschule Markranstädt","620","","Stadt Markranstädt","13"
"2401","Oberschule Mockrehna","237","","Gemeinde Mockrehna","12"
"723","Oberschule Naunhof","466","","Stadt Naunhof","13"
"1061","Oberschule Neukirchen","258","","Gemeinde Neukirchen/Erzgeb.","12"
"1906","Oberschule Neumark","885","","Gemeinde Neumark","12"
"1862","Oberschule Niederbobritzsch","705","","Gemeinde Bobritzsch-Hilbersdorf","12"
"2007","Oberschule Niederwiesa","675","","Gemeinde Niederwiesa","12"
"393","Oberschule Niesky","426","","Stadt Niesky","15"
"2319","Oberschule Nordwest Torgau","221","","Stadt Torgau","15"
"43","Oberschule Nünchritz","391","","Gemeinde Nünchritz","12"
"1083","Oberschule Oederan","677","","Stadt Oederan","13"
"2997","Oberschule Oelsnitz","922","","Stadt Oelsnitz/Vogtl.","15"
"1202","Oberschule Olbernhau","549","","Stadt Olbernhau","13"
"2104","Oberschule Ottendorf-Okrilla „Heiderand“","833","","Landkreis Bautzen","16"
"1924","Oberschule Pausa","894","","Stadt Pausa-Mühltroff","13"
"2107","Oberschule Radebeul Mitte","28","","Stadt Radebeul","15"
"232","Oberschule Radeburg ""Heinrich Zille""","29","","Stadt Radeburg","13"
"455","Oberschule Rauschwalde Görlitz","367","","Stadt Görlitz","15"
"1863","Oberschule Rechenberg-Bienenmühle","678","","Gemeinde Rechenberg-Bienenmühle","12"
"2289","Oberschule Regis-Breitingen","6132","","Stadt Regis-Breitingen","13"
"274","Oberschule Reichenbach","429","","Stadt Reichenbach/O.L.","13"
"1878","Oberschule Reichenbrand","873","","Stadt Chemnitz","14"
"2145","Oberschule Rödertal","833","","Landkreis Bautzen","16"
"2108","Oberschule Schmiedeberg","210","","Stadt Dippoldiswalde","15"
"1879","Oberschule Schönau/Siegmar","873","","Stadt Chemnitz","14"
"2248","Oberschule Schönfeld","381","","Gemeinde Schönfeld","12"
"2002","Oberschule Sehmatal","1235","","Gemeinde Sehmatal","12"
"429","Oberschule Seifhennersdorf","324","","Stadt Seifhennersdorf","13"
"62","Oberschule Strehla","378","","Stadt Strehla","13"
"2293","Oberschule Taucha","602","","Stadt Taucha","13"
"1986","Oberschule Thalheim","252","","Stadt Thalheim/Erzgeb.","13"
"2355","Oberschule Trebsen","462","","Stadt Trebsen/Mulde","13"
"677","Oberschule Waldheim","712","","Stadt Waldheim","13"
"2253","Oberschule Weinböhla","578","","Gemeinde Weinböhla","12"
"1930","Oberschule Weischlitz","897","","Gemeinde Weischlitz","12"
"2110","Oberschule Weißig","874","","Stadt Dresden","14"
"2111","Oberschule Weixdorf","874","","Stadt Dresden","14"
"2356","Oberschule Wermsdorf","223","","Gemeinde Wermsdorf","12"
"3133","Oberschule Westerzgebirge (Schule in freier Trägerschaft)","6018","BZE","BZE - Schulungsgesellschaft Erzgebirge gGmbH","20"
"268","Oberschule Wilsdruff","192","","Stadt Wilsdruff","13"
"999","Oberschule Zschorlau","144","","Gemeinde Zschorlau","12"
"2493","Palucca Hochschule für Tanz Dresden, Oberschule","6114","","Freistaat Sachsen - Staatsministerium für Wissenschaft, Kultur und Tourismus","11"
"2202","Park-Oberschule Zittau","318","","Stadt Zittau","15"
"2025","Paul-Fleming-Oberschule","92","","Stadt Hartenstein","13"
"2276","Paul-Guenther-Oberschule Geithain","646","","Stadt Geithain","13"
"2376","Paul-Robeson-Schule - Oberschule der Stadt Leipzig","876","","Stadt Leipzig","14"
"3432","Paulus-Schule Königswartha - Evangelische Oberschule (Schule in freier Trägerschaft)","1310","EVSBZ","Evangelischer Schulverein im Landkreis Bautzen e. V.","21"
"21","Pestalozzi-Oberschule","288","","Stadt Pirna","15"
"2191","Pestalozzi-Oberschule Großschönau","355","","Gemeinde Großschönau","12"
"2347","Pestalozzi-Oberschule Hartha","725","","Stadt Hartha","13"
"2241","Pestalozzi-Oberschule Meißen","583","","Stadt Meißen","15"
"2197","Pestalozzi-Oberschule Neusalza-Spremberg","346","","Stadt Neusalza-Spremberg","13"
"1976","Pestalozzi-Oberschule Oberlungwitz","776","","Stadt Oberlungwitz","13"
"2199","Pestalozzi-Oberschule Oderwitz","336","","Gemeinde Oderwitz","12"
"1361","Pestalozzi-Oberschule Wilkau-Haßlau","55","","Stadt Wilkau-Haßlau","13"
"2357","Pestalozzi-Oberschule Wurzen","456","","Stadt Wurzen","15"
"1049","Pestalozzi-Schule, Oberschule","777","","Stadt Limbach-Oberfrohna","15"
"214","Pestalozzischule Radeberg Oberschule","27","","Stadt Radeberg","15"
"1385","Pestalozzischule, Oberschule","104","","Stadt Zwickau","15"
"669","Peter-Apian-Oberschule Leisnig","715","","Stadt Leisnig","13"
"867","Petrischule - Oberschule der Stadt Leipzig","876","","Stadt Leipzig","14"
"3483","Private Ganztagsoberschule der Privaten Schule IBB gGmbH Dresden (Schule in freier Trägerschaft)","1078","IBB","Private Schule IBB gGmbH Dresden","29"
"3245","Private Oberschule Geyer (Schule in freier Trägerschaft)","1099","IAJ","IAJ Institut für Ausbildung Jugendlicher gGmbH","29"
"3156","Rahn Education Freie Oberschule Leipzig (Schule in freier Trägerschaft)","1039","RAHN","Dr. P. Rahn & Partner Schulen in freier Trägerschaft gemeinnützige Schulgesellschaft mbH","29"
"432","Richard-von-Schlieben-Oberschule","318","","Stadt Zittau","15"
"777","Robert-Härtwig-Schule Oschatz, Oberschule","227","","Stadt Oschatz","15"
"857","Rosa-Parks-Schule - Oberschule der Stadt Leipzig","876","","Stadt Leipzig","14"
"931","Rudi-Glöckner-Schule - Oberschule der Stadt Leipzig","876","","Stadt Leipzig","14"
"3277","Sachsenring-Oberschule Callenberg/Hohenstein-Ernstthal","785","","Stadt Hohenstein-Ernstthal","15"
"1299","Sahnschule, Oberschule","106","","Stadt Crimmitschau","15"
"2568","Schkola Oberland - Freie Schule an der Haine (Oberschule) (Schule in freier Trägerschaft)","1070","SCHKO","SCHKOLA gGmbH","20"
"3439","Schkola Ostritz - Umweltmodellschule Oberschule (Schule in freier Trägerschaft)","1070","SCHKO","SCHKOLA gGmbH","20"
"2383","Schule am Adler - Oberschule der Stadt Leipzig","876","","Stadt Leipzig","14"
"2315","Schule am Leinepark Oberschule Krostitz","746","","Gemeinde Krostitz","12"
"710","Schule am Thümmlitzwald, Oberschule der Stadt Grimma","471","","Stadt Grimma","15"
"3791","Schule am Weißeplatz - Oberschule der Stadt Leipzig","876","","Stadt Leipzig","14"
"3792","Schule Georg-Schwarz-Str. - Oberschule der Stadt Leipzig","876","","Stadt Leipzig","14"
"4107","Schule Höltystraße - Oberschule der Stadt Leipzig","876","","Stadt Leipzig","14"
"4065","Schule Ihmelsstraße - Oberschule der Stadt Leipzig","876","","Stadt Leipzig","14"
"2285","Schule Mölkau - Oberschule der Stadt Leipzig","876","","Stadt Leipzig","14"
"2399","Schule Paunsdorf - Oberschule der Stadt Leipzig","876","","Stadt Leipzig","14"
"4034","Schule Ratzelstraße - Oberschule der Stadt Leipzig","876","","Stadt Leipzig","14"
"2294","Schule Wiederitzsch - Oberschule der Stadt Leipzig","876","","Stadt Leipzig","14"
"459","Scultetus-Oberschule","367","","Stadt Görlitz","15"
"2879","Seminar-Oberschule Auerbach","925","","Stadt Auerbach/Vogtl.","15"
"3409","Semper-Oberschule (Schule in freier Trägerschaft)","6128","SEMPM","Semper Schulen Media gemeinnützige GmbH","20"
"2337","Sophienschule Colditz, Oberschule","481","","Stadt Colditz","13"
"2166","Sorbische Oberschule ""Dr. Maria Grollmuß"" Radibor","807","","Gemeinde Radibor","12"
"2165","Sorbische Oberschule ""Michal Hornik"" Räckelwitz","109","","Gemeinde Räckelwitz","12"
"2143","Sorbische Oberschule Bautzen","833","","Landkreis Bautzen","16"
"2167","Sorbische Oberschule Ralbitz","110","","Gemeinde Ralbitz-Rosenthal","12"
"1880","Sportoberschule Chemnitz","873","","Stadt Chemnitz","14"
"475","Sportoberschule Dresden","874","","Stadt Dresden","14"
"2371","Sportoberschule Leipzig - Oberschule der Stadt Leipzig","876","","Stadt Leipzig","14"
"3935","SRH Oberschule Dresden (Schule in freier Trägerschaft)","6078","SRHBW","SRH Berufsbildungswerk Sachsen GmbH","20"
"1982","Stadtschule Schwarzenberg, Oberschule","146","","Stadt Schwarzenberg/Erzgeb.","15"
"1126","Tännichtschule, Oberschule","779","","Stadt Meerane","13"
"3414","TRIAS Oberschule Elsterberg (Schule in freier Trägerschaft)","1441","SIS","Saxony International School - Carl Hahn gemeinnützige GmbH","29"
"2240","Triebischtal-Oberschule Meißen","583","","Stadt Meißen","15"
"1147","Turley-Oberschule Oelsnitz","262","","Stadt Oelsnitz/Erzgeb.","13"
"1423","Untere Luisenschule, Oberschule","873","","Stadt Chemnitz","14"
"1607","Waldorfschule Chemnitz (Schule in freier Trägerschaft)","1007","WDC","Waldorfschulverein Chemnitz e.V.","22"
"2024","Wehrdigtschule, Oberschule","788","","Stadt Glauchau","15"
"1908","Weinholdschule Oberschule","880","","Stadt Reichenbach im Vogtland","15"
"1901","Wilhelm-Adolph-von-Trützschler- Oberschule Stadt Falkenstein","931","","Stadt Falkenstein/Vogtl.","13"
"2187","Wilhelm-von-Polenz-Oberschule Cunewalde","833","","Landkreis Bautzen","16"
"3436","WIR- Freie Oberschule Bernsdorf (Schule in freier Trägerschaft)","6072","BDORF","Schulverein der Oberschule Bernsdorf e.V.","22"
"1212","Zentralschule Adorf, Oberschule","954","","Stadt Adorf/Vogtl.","13"
"980","„Glück auf!"" - Oberschule Eibenstock","164","","Stadt Eibenstock","13"
