"id","name","institution_key","abbreviation","owner_id","owner_abbreviation","owner_name","owner_type"
"280","1. Oberschule Großenhain ""Am Kupferberg""","4331195","oaos-grossenhain-001","402","","Stadt Großenhain","15"
"2158","1. Oberschule Kamenz","4130712","oaos-kamenz-001","833","","Landkreis Bautzen","16"
"485","101. Oberschule ""Johannes Gutenberg""","4330429","oaos-dresden-101","874","","Stadt Dresden","14"
"3763","107. Oberschule Dresden","4331666","oaos-dresden-107","874","","Stadt Dresden","14"
"584","116. Oberschule Dresden","4330163","oaos-dresden-116","874","","Stadt Dresden","14"
"581","121. Oberschule Dresden ""Johann Georg Palitzsch""","4330171","oaos-dresden-121","874","","Stadt Dresden","14"
"2394","125. Schule - Oberschule der Stadt Leipzig","4431151","oaos-leipzig-125","876","","Stadt Leipzig","14"
"1538","128. Oberschule ""Carola von Wasa""","4330486","oaos-dresden-128","874","","Stadt Dresden","14"
"1571","138. Oberschule Dresden","4330411","oaos-dresden-138","874","","Stadt Dresden","14"
"3994","145. Oberschule Dresden-Pieschen","4331732","oaos-dresden-145","874","","Stadt Dresden","14"
"2395","16. Schule - Oberschule der Stadt Leipzig","4431201","oaos-leipzig-016","876","","Stadt Leipzig","14"
"2236","2. Oberschule ""Am Schacht"" Großenhain","4331203","oaos-grossenhain-002","402","","Stadt Großenhain","15"
"4243","205. Schule - Oberschule der Stadt Leipzig","4431698","oaos-leipzig-205","876","","Stadt Leipzig","14"
"2046","25. Oberschule Dresden","4330437","oaos-dresden-025","874","","Stadt Dresden","14"
"2065","30. Oberschule Dresden","4330247","oaos-dresden-030","874","","Stadt Dresden","14"
"2050","32. Oberschule Dresden","4330270","oaos-dresden-032","874","","Stadt Dresden","14"
"2053","35. Oberschule Dresden","4330080","oaos-dresden-035","874","","Stadt Dresden","14"
"840","35. Schule - Oberschule der Stadt Leipzig","4431383","oaos-leipzig-035","876","","Stadt Leipzig","14"
"596","36. Oberschule Dresden","4330122","oaos-dresden-036","874","","Stadt Dresden","14"
"568","46. Oberschule Dresden","4330320","oaos-dresden-046","874","","Stadt Dresden","14"
"4231","5. Oberschule Görlitz","4131413","oaos-goerlitz-5","367","","Stadt Görlitz","15"
"571","55. Oberschule Dresden ""Gottlieb Traugott Bienert""","4330403","oaos-dresden-055","874","","Stadt Dresden","14"
"2052","56. Oberschule Dresden","4330072","oaos-dresden-056","874","","Stadt Dresden","14"
"2384","56. Schule - Oberschule der Stadt Leipzig","4431060","oaos-leipzig-056","876","","Stadt Leipzig","14"
"2062","62. Oberschule ""Friedrich Schiller""","4330148","oaos-dresden-062","874","","Stadt Dresden","14"
"2049","64. Oberschule Dresden","4330338","oaos-dresden-064","874","","Stadt Dresden","14"
"2059","66. Oberschule Dresden","4330106","oaos-dresden-066","874","","Stadt Dresden","14"
"2056","76. Oberschule Dresden ""Am Briesnitzer Schulberg""","4330395","oaos-dresden-076","874","","Stadt Dresden","14"
"2067","82. Oberschule Dresden ""Am Flughafen""","4330197","oaos-dresden-082","874","","Stadt Dresden","14"
"2063","88. Oberschule ""Am Pillnitzer Elbhang"" Dresden","4330114","oaos-dresden-088","874","","Stadt Dresden","14"
"1552","9. Oberschule ""Am Elbe Park""","4330353","oaos-dresden-009","874","","Stadt Dresden","14"
"939","94. Schule - Oberschule im Schulzentrum Grünau der Stadt Leipzig","4431268","oaos-leipzig-094","876","","Stadt Leipzig","14"
"3283","Achatschule St. Egidien-Oberschule mit Berufsorientierung (Schule in freier Trägerschaft)","4531125","faos-egidien-KIBIS","6046","KIBIS","Kinderbetreuungs- und Bildungsträger St. Egidien gGmbH","20"
"388","Adolf-Traugott-von-Gersdorf- Oberschule","4130175","oaos-kodersdorf","443","","Gemeinde Kodersdorf","12"
"4240","AHFOberschule Markkleeberg (Schule in freier Trägerschaft)","4431680","faos-markkleeberg-AHF","6067","AHF","AHFSchulverein e. V.","20"
"4054","Aktive Schule Leipzig - Freie Oberschule (Schule in freier Trägerschaft)","4431615","faos-leipzig-ASL","6111","ASL","Aktive Schule Leipzig e.V.","20"
"1881","Albert-Schweitzer-Oberschule","4230314","oaos-chemnitz-schwei","873","","Stadt Chemnitz","14"
"4045","Alexander-von-Humboldt-Oberschule Chemnitz","4233037","oaos-chemnitz-humb","873","","Stadt Chemnitz","14"
"3962","Aktive Schule Dresden Oberschule des epharisto e.V. (Schule in freier Trägerschaft)","4331716","faos-dresden-EPHA","6142","EPHA","epharisto e.V.","22"
"1984","Altstadtschule Stollberg, Oberschule","4231049","oaos-stollberg","257","","Stadt Stollberg","15"
"4215","Alwine-Winter-Schule - Oberschule der Stadt Leipzig","4431672","oaos-leipzig-winter","876","","Stadt Leipzig","14"
"2189","Andert-Oberschule Ebersbach","4130977","oaos-ebersbach.n","345","","Stadt Ebersbach-Neugersdorf","13"
"2379","Apollonia-von-Wiedebach-Schule - Oberschule der Stadt Leipzig","4431433","oaos-leipzig-wiedeb","876","","Stadt Leipzig","14"
"308","Arthur-Kießling-Oberschule Königsbrück","4130753","oaos-koenigsbrueck","833","","Landkreis Bautzen","16"
"2306","Artur-Becker-Oberschule Delitzsch","4430385","oaos-delitzsch-beck","760","","Stadt Delitzsch","15"
"4130","Barnet-Licht-Schule - Oberschule der Stadt Leipzig","4431656","oaos-leipzig-barnet","876","","Stadt Leipzig","14"
"949","Bildungszentrum Adam Ries, Oberschule","4231098","oaos-annaberg-ries","867","","Stadt Annaberg-Buchholz","15"
"2665","Bischöfliches Maria-Montessori-Schulzentrum Leipzig Oberschule (Schule in freier Trägerschaft)","4431441","faos-leipzig-BIDM","1091","BIDM","Bistum Dresden-Meißen","21"
"114","Bruno-Bürgel-Oberschule Weißwasser","4130464","oaos-weisswasser","411","","Stadt Weißwasser/O.L.","15"
"3354","Carl-Friedrich-Goerdeler-Oberschule Leipzig (Schule in freier Trägerschaft)","4431482","faos-leipzig-SEMPW","1020","SEMPW","Gemeinnützige Gesellschaft Semper Bildungswerk mbH","29"
"2370","Caroline-Neuber-Schule, Oberschule im Deutsch-Französischen Bildungszentrum der Stadt Leipzig","4431110","oaos-leipzig-neuber","876","","Stadt Leipzig","14"
"2389","Christian-Gottlob-Frege-Schule - Oberschule der Stadt Leipzig","4431128","oaos-leipzig-frege","876","","Stadt Leipzig","14"
"2009","Christian-Lehmann-Oberschule","4231312","oaos-scheibenberg","849","","Stadt Scheibenberg","13"
"3985","Christliche Oberschule Johanneum (Schule in freier Trägerschaft)","4131371","faos-hoyerswerda-JOHY","1032","JOHY","Schulträgerverein Johanneum Hoyerswerda e.V.","21"
"3378","Christliche Schule Dresden Oberschule (Schule in freier Trägerschaft)","4331591","faos-dresden-CSDD","1449","CSDD","Christliche Schulen Dresden gGmbH","22"
"2119","Comenius-Schule Mücka, Oberschule","4130191","oaos-muecka","434","","Gemeinde Mücka","12"
"4033","Denis-Diderot-Schule - Oberschule der Stadt Leipzig","4431599","oaos-leipzig-didero","876","","Stadt Leipzig","14"
"2035","Diesterweg-Oberschule Werdau","4530770","oaos-werdau-diest","52","","Stadt Werdau","15"
"1941","Diesterwegschule Burgstädt, Oberschule","4230645","oaos-burgstaedt","527","","Stadt Burgstädt","13"
"2270","Dinter-Oberschule Borna","4430062","oaos-borna","654","","Stadt Borna","15"
"1926","Dittesschule, Oberschule","4530325","oaos-plauen-dittes","929","","Stadt Plauen","15"
"3945","DPFA-Regenbogen-Oberschule Chemnitz der DPFA-Schulen gGmbH (Schule in freier Trägerschaft)","4232997","faos-chemnitz-DPFAS","1303","DPFAS","DPFA-Schulen gemeinnützige GmbH","29"
"3157","DPFA-Regenbogen-Oberschule Rabenau (Schule in freier Trägerschaft)","4331559","faos-rabenau-DPFAS","1303","DPFAS","DPFA-Schulen gemeinnützige GmbH","29"
"3977","DPFA-Regenbogen-Oberschule Zwickau (Schule in freier Trägerschaft)","4531208","faos-zwickau-DPFAS","1303","DPFAS","DPFA-Schulen gemeinnützige GmbH","29"
"1376","Dr.-Christoph-Hufeland-Oberschule, Unesco-Projekt-Schule","4530309","oaos-plauen-hufel","929","","Stadt Plauen","15"
"377","Dr.-Eberle-Schule Nossen, Oberschule","4331302","oaos-nossen","585","","Stadt Nossen","13"
"123","Dr.-Salvador-Allende-Oberschule Bautzen","4130522","oaos-bautzen-allend","834","","Stadt Bautzen","15"
"2307","Erasmus-Schmidt-Schule Oberschule der Stadt Delitzsch","4430377","oaos-delitzsch-schmid","760","","Stadt Delitzsch","15"
"1943","Erich-Viehweg-Oberschule","4230678","oaos-frankenberg","526","","Stadt Frankenberg","13"
"2164","Ernst-Rietschel-Oberschule Pulsnitz","4130837","oaos-pulsnitz","833","","Landkreis Bautzen","16"
"3485","Europäische Oberschule mit Berufsorientierung Hartmannsdorf (Schule in freier Trägerschaft)","4231833","faos-hartmannsdorf-TEGW","1014","TEGW","Trägerverein Europäisches Gymnasium Waldenburg e.V.","22"
"3480","Europäische Oberschule mit Berufsorientierung Waldenburg (Schule in freier Trägerschaft)","4531166","faos-waldenburg-TEGW","1014","TEGW","Trägerverein Europäisches Gymnasium Waldenburg e.V.","22"
"3481","Evangelische Montessori Oberschule Plauen (Schule in freier Trägerschaft)","4531174","faos-plauen-EMSP","1420","EMSP","Evangelischer Montessorischulverein Plauen e.V.","21"
"2588","Evangelische Oberschule ""Erhard und Rudolf Mauersberger"" (Schule in freier Trägerschaft)","4231437","faos-g.rueckers.w-ESG","1103","ESG","Evangelischer Schulverein Großrückerswalde e.V.","21"
"4088","Evangelische Oberschule Belgern-Schildau (Schule in freier Trägerschaft)","4431631","faos-belgern-ESSGN","6206","ESSGN","Evangelische Sekundarschulgemeinschaft Niederlausitz gGmbH","20"
"3005","Evangelische Oberschule Burkhardtsdorf (Schule in freier Trägerschaft)","4231452","faos-burkhardtsdorf-OESB","6003","OESB","Ökumenischer Schulverein Burkhardtsdorf e. V.","20"
"3729","Evangelische Oberschule Coswig (Schule in freier Trägerschaft)","4331658","faos-coswig-EVSCW","6061","EVSCW","Evangelische Schule Coswig gGmbH","20"
"2704","Evangelische Oberschule Gaußig (Schule in freier Trägerschaft)","4131231","faos-doberschau-EVSBZ","1310","EVSBZ","Evangelischer Schulverein im Landkreis Bautzen e. V.","21"
"3017","Evangelische Oberschule Gersdorf (Schule in freier Trägerschaft)","4531109","faos-gersdorf-CSV","1453","CSV","Christlicher Schulverein e. V.","22"
"3579","Evangelische Oberschule Hochkirch (Schule in freier Trägerschaft)","4131348","faos-hochkirch-EVSHK","6091","EVSHK","Evangelischer Schulverein Hochkirch e.V.","22"
"4011","Evangelische Oberschule Klipphausen (Schule in freier Trägerschaft)","4331740","faos-klipphausen-SESG","6175","SESG","Stiftung Evangelische Schule in Gemeinschaft","21"
"4043","Evangelische Oberschule Leukersdorf (Schule in freier Trägerschaft)","4233029","faos-jahnsdorf-ESLE","6075","ESLE","Evangelischer Schulverein Leukersdorf e. V.","22"
"3137","Evangelische Oberschule Lunzenau (Schule in freier Trägerschaft)","4231486","faos-lunzenau-ESLU","6019","ESLU","Evangelischer Schulverein Lunzenau e. V.","21"
"3301","Evangelische Oberschule Oßling (Schule in freier Trägerschaft)","4131298","faos-ossling-CSO","6161","CSO","Christliches Schulhaus Oßling gGmbH","20"
"4264","Evangelische Oberschule Pirna (Schule in freier Trägerschaft)","4331823","faos-pirna-EVSPI","1410","EVSPI","Evangelisches Schulzentrum Pirna gGmbH","21"
"3186","Evangelische Oberschule Schneeberg (Schule in freier Trägerschaft)","4231775","faos-schneeberg-ESS","1380","ESS","Evangelischer Schulverein Schneeberg e.V.","22"
"3897","Evangelische Schule ""Stephan Roth"" - Oberschule (Schule in freier Trägerschaft)","4531182","faos-zwickau-CMSZ","6035","CMSZ","Christen machen Schule Zwickau gGmbH","20"
"3410","Evangelische Schulgemeinschaft Erzgebirge, Oberschule (Schule in freier Trägerschaft)","4231783","faos-annaberg-ESE","1366","ESE","Evangelische Schulgemeinschaft Erzgebirge e.V.","21"
"3415","Evangelische Werkschule Milkau Oberschule (Schule in freier Trägerschaft)","4231791","faos-erlau-EWM","6071","EWM","Evangelische Werkschule Milkau e. V.","20"
"3313","Evangelische Werkschule Naundorf - Oberschule -Evangelische Bekenntnisschule- (Schule in freier Trägerschaft)","4431466","faos-naundorf-EWSV","6136","EWSV","Evangelischer Werkschulverein e.V.","22"
"3986","Evangelische Zinzendorf-Oberschule Herrnhut (Schule in freier Trägerschaft)","4131389","faos-herrnhut-BRUEN","6030","BRUEN","Schulstiftung der Evangelischen Brüder-Unität Herrnhut","21"
"3956","Evangelisches Schulzentrum Bad Düben Oberschule (Schule in freier Trägerschaft)","4431565","faos-dueben-ESZB","1367","ESZB","Evangelisches Schulzentrum Bad Düben Schulbetrieb gemeinnützige GmbH","29"
"2527","Evangelisches Schulzentrum Chemnitz, Oberschule (Schule in freier Trägerschaft)","4230025","faos-chemnitz-FESC","1006","FESC","Freier Evangelischer Schulverein Chemnitz e.V. ","21"
"4049","Evangelisches Schulzentrum Radebeul, Oberschule (Schule in freier Trägerschaft)","4331799","faos-radebeul-EVSRA","1450","EVSRA","Evangelischer Schulverein Radebeul e. V.","22"
"3198","Freie Alternativschule Dresden Oberschule (Schule in freier Trägerschaft)","4331567","faos-dresden-FASDD","1096","FASDD","Freie Alternativschule Dresden e.V.","22"
"2450","Evangelisches Schulzentrum Leipzig in Trägerschaft des Evangelisch-Lutherischen Kirchenbezirkes Leipzig Oberschule (Schule in freier Trägerschaft)","4430013","faos-leipzig-ESZL","1043","ESZL","Ev.-Luth. Kirchenbezirk Leipzig","21"
"3298","Freie Christliche Schule Schirgiswalde (Schule in freier Trägerschaft)","4131272","faos-schirgiswalde-CVSCH","6048","CVSCH","Christlicher Schulverein Schirgiswalde e.V.","22"
"3199","Freie Evangelische Oberschule Dresden (Schule in freier Trägerschaft)","4331575","faos-dresden-EVSDD","1022","EVSDD","FES Dresden gGmbH","22"
"3918","Freie Evangelische Oberschule Görlitz (Schule in freier Trägerschaft)","4131363","faos-goerlitz-EVSNG","1455","EVSNG","Evangelischer Schulverein Görlitz e.V.","22"
"4048","Freie Gemeinschaftliche Schule ,,Maria Montessori"" - Oberschule (Schule in freier Trägerschaft)","4233045","faos-freiberg-CSVF","1299","CSVF","Christlicher Schulverein Freiberg e.V.","22"
"4180","Freie Landschule der Generationen - Oberschule (Schule in freier Trägerschaft)","4233078","faos-doebeln-FLS","6179","FLS","Freie Landschule e. V.","22"
"3913","Freie Montessorischule Huckepack Oberschule (Schule in freier Trägerschaft)","4331674","faos-dresden-HUCKE","1095","HUCKE","Huckepack e.V.","22"
"4007","Freie Oberschule Gohlis -Schulen für gemeinschaftliches Lernen e.V. (Schule in freier Trägerschaft)","4431573","faos-leipzig-SCHUG","6020","SCHUG","Schulen für gemeinschaftliches Lernen e. V.","22"
"3148","Freie Oberschule Rietschen (Schule in freier Trägerschaft)","4131249","faos-rietschen-FSRIE","6023","FSRIE","Freie Schule Rietschen e. V.","22"
"3433","Freie Oberschule Sabel Freital (Schule in freier Trägerschaft)","4331625","faos-freital-SABEL","1027","SABEL","Sabel Freital gGmbH","29"
"3299","Freie Oberschule „Johann Heinrich Pestalozzi“ (Schule in freier Trägerschaft)","4131280","faos-g.dubrau-TVDUB","6049","TVDUB","Freie Schule Großdubrau e. V.","22"
"3976","Freie Oberschule am König-Albert-Stift Plauen des Institut für Wissen und Bildung private Berufsfachschulen GmbH (Schule in freier Trägerschaft)","4531190","faos-plauen-IWB","1302","IWB","Institut für Wissen und Bildung private Berufsfachschulen GmbH","29"
"3309","Freie Schule Boxberg/ O.L. (Oberschule)- (Schule in freier Trägerschaft)","4131314","faos-boxberg-TVBOX","6054","TVBOX","Trägerverein Freie Schule Boxberg/O.L. e.V.","22"
"3123","Freie Schule Erzgebirgsblick, Oberschule - staatlich anerkannte Ersatzschule - (Schule in freier Trägerschaft)","4231478","faos-gelenau-FESE","955","FESE","Freie Schule Erzgebirgsblick gGmbH","22"
"4236","Freie Schule Langenbernsdorf Oberschule (Schule in freier Trägerschaft)","4531232","faos-werdau-FSL","6195","FSL","Freie Schule Langenbernsdorf Oberschule gGmbH","20"
"1620","Freie Schule Leipzig e.V. (Schule in freier Trägerschaft)","4412649","fasz-leipzig-FRSCH","1072","FRSCH","Freie Schule Leipzig e.V.","22"
"3302","Freie Schule Schwepnitz - Oberschule (Schule in freier Trägerschaft)","4131306","faos-schwepnitz-FSITZ","6051","FSITZ","Freie Schule Schwepnitz e.V.","22"
"4008","Freie Schule Torgau Oberschule (Schule in freier Trägerschaft)","4431581","faos-torgau-PROTO","1369","PROTO","PRO MONTESSORI e.V.","22"
"3730","Freie Waldorfschule ""Jacob Böhme"" (Schule in freier Trägerschaft)","4112215","fasz-goerlitz-JBSGZ","6100","JBSGZ","Jacob Böhme Schule e. V.","20"
"1828","Freie Waldorfschule Dresden (Schule in freier Trägerschaft)","4310025","fasz-dresden-AWALD","1073","AWALD","Verein der Freien Waldorfschule Dresden e. V.","22"
"1622","Freie Waldorfschule Leipzig (Schule in freier Trägerschaft)","4410031","fasz-leipzig-WALDO","1038","WALDO","Verein der Waldorfschulgemeinschaft Leipzig e.V.","22"
"4086","Freies Evangelisches Limbacher Schulzentrum - Oberschule (Schule in freier Trägerschaft)","4531224","faos-limbach.o-ESLO","6153","ESLO","Evangelischer Schulverein Limbach-Oberfrohna e. V.","22"
"3216","Freie Schule Weißenberg - Oberschule (Schule in freier Trägerschaft)","4131264","faos-weissenberg-SVWB","6036","SVWB","Schulträgerverein Weißenberg e.V.","22"
"1368","Friedensschule Plauen - Oberschule","4530366","oaos-plauen-fried","929","","Stadt Plauen","15"
"4072","Friedrich August III. Oberschule (Schule in freier Trägerschaft)","4233052","faos-chemnitz-SGS","6149","SGS","SGS Sächsische Gesellschaft für handwerks- und mittelstandsbezogene Schulbildung gGmbH","20"
"1884","Friedrich-Adolf-Wilhelm-Diesterweg-Oberschule","4230470","oaos-chemnitz-diest","873","","Stadt Chemnitz","14"
"1952","Friedrich-Eduard-Bilz-Oberschule Penig","4230835","oaos-penig","507","","Stadt Penig","13"
"1947","Friedrich-Gottlob-Keller-Oberschule","4230710","oaos-hainichen","516","","Stadt Hainichen","13"
"409","Friedrich-Schiller-Oberschule Neustadt/Sachsen","4331039","oaos-neustadt.s","298","","Stadt Neustadt i. Sa.","13"
"2311","Friedrich-Tschanter-Oberschule Eilenburg","4430427","oaos-eilenburg","763","","Stadt Eilenburg","15"
"1404","Fucikschule, Oberschule","4530846","oaos-zwickau-fucik","104","","Stadt Zwickau","15"
"158","Gerhart-Hauptmann-Schule Sohland, Oberschule","4130894","oaos-sohland","801","","Gemeinde Sohland a. d. Spree","12"
"1949","Gerhart-Hauptmann-Schule, Oberschule","4531034","oaos-limbach.o-haupt","777","","Stadt Limbach-Oberfrohna","15"
"1051","Geschwister-Scholl-Oberschule","4531018","oaos-limbach.o-scholl","777","","Stadt Limbach-Oberfrohna","15"
"672","Geschwister-Scholl-Oberschule Roßwein","4231627","oaos-rosswein","710","","Stadt Roßwein","13"
"1981","Geschwister-Scholl-Oberschule Schönheide","4231718","oaos-schoenheide","151","","Gemeinde Schönheide","12"
"2282","Geschwister-Scholl-Schule Liebertwolkwitz - Oberschule der Stadt Leipzig","4430179","oaos-leipzig-scholl","876","","Stadt Leipzig","14"
"163","Goethe-Oberschule Wilthen","4130936","oaos-wilthen","800","","Stadt Wilthen","13"
"1966","Goethe-Schule Breitenbrunn, Oberschule","4231676","oaos-breitenbrunn","167","","Gemeinde Breitenbrunn/Erzgeb.","12"
"775","Goetheschule Mügeln, Oberschule","4430799","oaos-muegeln","238","","Stadt Mügeln","13"
"2144","Gottlieb-Daimler-Oberschule Bautzen","4130514","oasz-bautzen-daimle","834","","Stadt Bautzen","15"
"4057","gruuna Schule -Freie Waldorfschule (Schule in freier Trägerschaft)","4213484","fasz-chemnitz-GRUU","6146","GRUU","gruuna Schule gGmbH","20"
"4157","Gut Loberthal - Handlungspädagogische Waldorfschule (Schule in freier Trägerschaft)","4412839","fasz-rackwitz-LOB","6177","LOB","Loberthal e.V.","22"
"2003","Heiner-Müller-Schule, Oberschule Eppendorf","4231197","oaos-eppendorf","699","","Gemeinde Eppendorf","12"
"983","Heinrich-Heine-Oberschule","4231692","oaos-lauter","153","","Stadt Lauter-Bernsbach","13"
"2195","Heinrich-Pestalozzi Oberschule Löbau","4131058","oaos-loebau","342","","Stadt Löbau","15"
"2269","Heinrich-Pestalozzi-Schule - Oberschule der Stadt Leipzig","4430047","oaos-leipzig-pestal","876","","Stadt Leipzig","14"
"1972","Heinrich-von-Kleist-Schule, Oberschule","4531042","oaos-lichtenstein","782","","Stadt Lichtenstein/Sa.","13"
"2386","Helmholtzschule - Oberschule der Stadt Leipzig","4431169","oaos-leipzig-helmho","876","","Stadt Leipzig","14"
"3129","Hoffnungswerk Evangelisches Schulzentrum Evangelische Oberschule Schöneck (Schule in freier Trägerschaft)","4530952","faos-schoeneck-OVVIM","6015","OVVIM","Hoffnungswerk Vogtland e. V.","21"
"2974","HOGA Oberschule Dresden (Schule in freier Trägerschaft)","4331542","faos-dresden-HOGA","1016","HOGA","HOGA Schulen Dresden gSchulgesellschaft mbH","29"
"1389","Humboldtschule, Oberschule","4530861","oaos-zwickau-humbol","104","","Stadt Zwickau","15"
"4127","Interkulturelle Waldorfschule Dresden (Schule in freier Trägerschaft)","4313714","fasz-dresden-VIWP","6168","VIWP","Verein für lnterkulturelle Waldorfpädagogik e. V.","22"
"4196","Internationale Oberschule Geithain (IOG) (Schule in freier Trägerschaft)","4431664","faos-geithain-SIS","1441","SIS","Saxony International School - Carl Hahn gemeinnützige GmbH","29"
"3351","Internationale Oberschule Meerane (Schule in freier Trägerschaft)","4531141","faos-meerane-SIS","1441","SIS","Saxony International School - Carl Hahn gemeinnützige GmbH","29"
"3145","Internationale Oberschule Neukirchen (Schule in freier Trägerschaft)","4530986","faos-neukirchen.p-SIS","1441","SIS","Saxony International School - Carl Hahn gemeinnützige GmbH","29"
"3350","Internationale Oberschule Niederwürschnitz (Schule in freier Trägerschaft)","4231569","faos-n.wuerschnitz-SIS","1441","SIS","Saxony International School - Carl Hahn gemeinnützige GmbH","29"
"3345","Internationale Oberschule Reinsdorf (IOR) (Schule in freier Trägerschaft)","4531133","faos-reinsdorf-SIS","1441","SIS","Saxony International School - Carl Hahn gemeinnützige GmbH","29"
"2030","Jakobus-Oberschule","4530739","oaos-muelsen","70","","Gemeinde Mülsen","12"
"2984","Jenaplanschule Markersbach Oberschule (Schule in freier Trägerschaft)","4231742","faos-raschau-TJE","1434","TJE","Jenaplanschule im Erzgebirge e. V.","22"
"1951","Johann-Gottlieb-Fichte-Schule, Oberschule","4230819","oaos-mittweida","503","","Stadt Mittweida","15"
"1420","Josephinenschule, Oberschule","4230454","oaos-chemnitz-joseph","873","","Stadt Chemnitz","14"
"3724","Karl Schubert Schule Leipzig - Freie Waldorfschule (Schule in freier Trägerschaft)","4412722","fasz-leipzig-KSWAL","6098","KSWAL","Karl Schubert Schule Leipzig. Freie Waldorfschule e.V.","20"
"797","Katharina-von-Bora-Oberschule Torgau","4430559","oaos-torgau-bora","221","","Stadt Torgau","15"
"2022","Käthe-Kollwitz-Oberschule","4530648","oaos-crimmitschau-kollw","106","","Stadt Crimmitschau","15"
"1371","Kemmlerschule, Oberschule","4530333","oaos-plauen-kemml","929","","Stadt Plauen","15"
"843","Klaus-Gottschalk-Schule - Oberschule der Stadt Leipzig","4431052","oaos-leipzig-gottsc","876","","Stadt Leipzig","14"
"3134","KOMPAKT-Schule mit Zukunft - Oberschule Gemeinnützige Schulträgergesellschaft mbH (Schule in freier Trägerschaft)","4530978","faos-zwickau-KOMP","1092","KOMP","KOMPAKT - Schule mit Zukunft gemeinnützige Schulträgergesellschaft mbH","29"
"4094","Kulturwerkschule - Oberschule (Schule in freier Trägerschaft)","4331807","faos-dresden-KWSDD","6157","KWSDD","Kulturwerkschule gGmbH","20"
"202","Kurfürst-Moritz-Schule, Oberschule Boxdorf","4330601","oaos-moritzburg","36","","Gemeinde Moritzburg","12"
"1115","Lehngrundschule, Oberschule","4531067","oaos-glauchau-lehngr","788","","Stadt Glauchau","15"
"2381","Lene-Voigt-Schule - Oberschule der Stadt Leipzig","4431409","oaos-leipzig-voigt","876","","Stadt Leipzig","14"
"351","Leonhard-Frank-Oberschule","4331146","oaos-coswig-frank","596","","Stadt Coswig","15"
"2292","Lessing-Oberschule Schkeuditz","4430294","oaos-schkeuditz","605","","Stadt Schkeuditz","15"
"2221","Ludwig-Renn-Oberschule Stolpen","4331120","oaos-stolpen","285","","Stadt Stolpen","13"
"216","Ludwig-Richter-Schule, Oberschule Radeberg","4130050","oaos-radeberg-richte","27","","Stadt Radeberg","15"
"1873","Marianne-Brandt-Oberschule Chemnitz","4230330","oaos-chemnitz-brandt","873","","Stadt Chemnitz","14"
"1928","Marienschule Treuen-Oberschule","4530374","oaos-treuen","1286","","Schulverband Treuener Land","18"
"449","Melanchthonschule Oberschule 3","4130134","oaos-goerlitz-melanc","367","","Stadt Görlitz","15"
"4012","Melli-Beese-Oberschule (Schule in freier Trägerschaft)","4331757","faos-dresden-SEMPW","1020","SEMPW","Gemeinnützige Gesellschaft Semper Bildungswerk mbH","29"
"3370","Montessorischule Chemnitz - Oberschule (Schule in freier Trägerschaft)","4232989","faos-chemnitz-MVC","1106","MVC","Montessori-Verein Chemnitz e.V.","22"
"3280","Neue Oberschule Crottendorf (Schule in freier Trägerschaft)","4231528","faos-crottendorf-ASG","1278","ASG","ASG - Anerkannte Schulgesellschaft mbH","29"
"1481","Oberschule ""Am Flughafen""","4230561","oaos-chemnitz-flugh","873","","Stadt Chemnitz","14"
"4217","Oberschule ""Am Hartmannplatz""","4233086","oaos-chemnitz-oshart","873","","Stadt Chemnitz","14"
"655","Oberschule ""Am Holländer"" Döbeln","4231585","oaos-doebeln","721","","Stadt Döbeln","15"
"413","Oberschule ""Am Knöchel"" Sebnitz","4331112","oaos-sebnitz","283","","Stadt Sebnitz","15"
"1430","Oberschule ""Am Körnerplatz"" Chemnitz","4230538","oaos-chemnitz-koerne","873","","Stadt Chemnitz","14"
"2091","Oberschule ""Am Marienschacht"" Bannewitz","4330585","oaos-bannewitz","217","","Gemeinde Bannewitz","12"
"47","Oberschule ""Am Merzdorfer Park"" Riesa","4331377","oaos-riesa-merzd","390","","Stadt Riesa","15"
"49","Oberschule ""Am Sportzentrum"" Riesa","4331351","oaos-riesa-sport","390","","Stadt Riesa","15"
"1541","Oberschule ""Am Valtenberg""","4130795","oaos-neukirch.l","810","","Gemeinde Neukirch/Lausitz","12"
"1953","Oberschule ""An der Mulde""","4230850","oaos-rochlitz","497","","Stadt Rochlitz","15"
"2249","Oberschule ""Anne Frank"" Stauchitz","4331419","oaos-stauchitz","383","","Gemeinde Stauchitz","12"
"2013","Oberschule ""August Bebel""","4231353","oaos-zschopau-bebel","533","","Stadt Zschopau","15"
"29","Oberschule ""Carl Friedrich Gauß"" Pirna-Sonnenstein","4331088","oaos-pirna-gauss","288","","Stadt Pirna","15"
"1853","Oberschule ""Clara Zetkin""","4230058","oaos-freiberg-zetkin","694","","Stadt Freiberg","15"
"1852","Oberschule ""Clemens Winkler""","4230066","oaos-freiberg-winkl","694","","Stadt Freiberg","15"
"2133","Oberschule ""Dr. Marja Grollmuß""","4130449","oaos-schleife","422","","Gemeinde Schleife","12"
"2027","Oberschule ""Dr. Theodor Neubauer""","4530689","oaos-kirchberg","83","","Stadt Kirchberg","13"
"1905","Oberschule ""Felix Mauersberger""","4530119","oaos-netzschkau","890","","Stadt Netzschkau","13"
"2288","Oberschule ""Frederic Joliot Curie"" Pegau","4430245","oaos-pegau","617","","Stadt Pegau","13"
"1927","Oberschule ""Friedrich Rückert""","4530358","oaos-plauen-rueck","929","","Stadt Plauen","15"
"2097","Oberschule ""G. E. Lessing"" Freital-Potschappel","4330676","oaos-freital-potsch","202","","Stadt Freital","15"
"1006","Oberschule ""Geschwister Scholl""","4530028","oaos-auerbach.v-scholl","925","","Stadt Auerbach/Vogtl.","15"
"2095","Oberschule ""Geschwister Scholl"" Freital-Hainsberg","4330635","oaos-freital-hainsb","202","","Stadt Freital","15"
"108","Oberschule ""Geschwister Scholl"" Krauschwitz","4130399","oaos-krauschwitz","439","","Gemeinde Krauschwitz","12"
"1851","Oberschule ""Gottfried Pabst von Ohain""","4230082","oaos-freiberg-ohain","694","","Stadt Freiberg","15"
"1904","Oberschule ""Gotthold Ephraim Lessing""","4530085","oaos-lengenfeld","887","","Stadt Lengenfeld","13"
"2100","Oberschule ""Hans Poelzig"" Klingenberg","4330726","oaos-klingenberg","186","","Gemeinde Klingenberg","12"
"1860","Oberschule ""Heinrich von Trebra""","4230165","oaos-marienberg","547","","Stadt Marienberg","15"
"945","Oberschule ""Johann Heinrich Pestalozzi""","4231114","oaos-annaberg-pestal","867","","Stadt Annaberg-Buchholz","15"
"7","Oberschule ""Johann Wolfgang von Goethe""","4330940","oaos-heidenau","309","","Stadt Heidenau","13"
"2638","Oberschule ""Johann Wolfgang von Goethe""","4331492","oaos-pirna-goethe","288","","Stadt Pirna","15"
"1001","Oberschule ""Katharina Peters"" Zwönitz","4231072","oaos-zwoenitz","254","","Stadt Zwönitz","13"
"2135","Oberschule ""Korla Awgust Kocor"" Wittichenau","4130506","oaos-wittichenau","5","","Stadt Wittichenau","13"
"2014","Oberschule ""Martin Andersen Nexö""","4231346","oaos-zschopau-nexoe","533","","Stadt Zschopau","15"
"2275","Oberschule ""Maxim Gorki"" Frohburg","4430104","oaos-frohburg","652","","Stadt Frohburg","13"
"399","Oberschule ""Moritz Zimmermann"" Rothenburg","4130258","oaos-rothenburg","421","","Stadt Rothenburg/O.L.","13"
"39","Oberschule ""Siegfried Richter"" Gröditz","4331179","oaos-groeditz","401","","Stadt Gröditz","13"
"2096","Oberschule ""Waldblick"" Freital-Niederhäslich","4330650","oaos-freital-waldbl","202","","Stadt Freital","15"
"2267","Oberschule ""Werner Seelenbinder"" Bad Lausick","4430021","oaos-lausick","489","","Stadt Bad Lausick","13"
"3703","Oberschule - Freie Werkschule Meißen (Schule in freier Trägerschaft)","4331641","faos-meissen-FWERK","1425","FWERK","Miteinander - Freie Werkschule Meißen e. V.","22"
"1890","Oberschule Altendorf","4230389","oaos-chemnitz-altend","873","","Stadt Chemnitz","14"
"2092","Oberschule am Pfortenberg Dippoldiswalde","4330627","oaos-dippoldiswalde-dippol","210","","Stadt Dippoldiswalde","15"
"1974","Oberschule am Steegenwald","4230975","oaos-lugau","268","","Stadt Lugau/Erzgeb.","13"
"2157","Oberschule an der Elsteraue Kamenz","4130738","oaos-kamenz-002","833","","Landkreis Bautzen","16"
"2203","Oberschule an der Weinau Zittau","4131215","oaos-zittau-weinau","318","","Stadt Zittau","15"
"4131","Oberschule Arnsdorf","4131405","oaos-arnsdorf","833","","Landkreis Bautzen","16"
"1961","Oberschule Aue-Zelle","4231643","oaos-aue.schl","174","ASC","Stadt Aue-Bad Schlema","15"
"1963","Oberschule Auerbach","4230892","oaos-auerbach","278","","Gemeinde Auerbach","12"
"682","Oberschule Bad Düben","4430336","oaos-dueben","764","","Stadt Bad Düben","13"
"5","Oberschule Bad Gottleuba","4330882","oaos-gottleuba","320","","Stadt Bad Gottleuba-Berggießhübel","13"
"2302","Oberschule Beilrode","4430344","oaos-beilrode","246","","Gemeinde Beilrode","12"
"3182","Oberschule Bergstadt Schneeberg","4231767","oaos-schneeberg","150","","Stadt Schneeberg","13"
"1864","Oberschule Bergstadtschule Sayda","4230256","oaos-sayda","669","","Stadt Sayda","13"
"2184","Oberschule Bernstadt ""Klaus Riedel""","4130944","oaos-bernstadt","369","","Stadt Bernstadt a. d. Eigen","13"
"165","Oberschule Bischofswerda","4130563","oaos-bischofswerda","835","","Stadt Bischofswerda","15"
"2268","Oberschule Böhlen bei Borna","4430039","oaos-boehlen","666","","Stadt Böhlen","13"
"1849","Oberschule Brand-Erbisdorf","4230033","oaos-brand.e","706","","Stadt Brand-Erbisdorf","15"
"2334","Oberschule Brandis","4430617","oaos-brandis","480","","Stadt Brandis","13"
"1038","Oberschule Claußnitz","4230660","oaos-claussnitz","523","","Gemeinde Claußnitz","12"
"203","Oberschule Cossebaude","4330619","oaos-dresden-cosseb","874","","Stadt Dresden","14"
"1317","Oberschule des Friedens","4231189","oaos-ehrenfrieders.d","860","","Stadt Ehrenfriedersdorf","13"
"2210","Oberschule Dohna","4330908","oaos-dohna","311","","Stadt Dohna","13"
"3278","Oberschule Dresden-Pieschen","4331583","oaos-dresden-piesch","874","","Stadt Dresden","14"
"2235","Oberschule Ebersbach","4331161","oaos-ebersbach","410","","Gemeinde Ebersbach","12"
"2150","Oberschule Elstra","4130639","oaos-elstra","133","","Stadt Elstra","13"
"1073","Oberschule Flöha-Plaue","4231213","oaos-floeha","697","","Stadt Flöha","15"
"1447","Oberschule Gablenz","4230280","oaos-chemnitz-gabl","873","","Stadt Chemnitz","14"
"2098","Oberschule Geising","4330692","oaos-altenberg","216","","Stadt Altenberg","13"
"133","Oberschule Gesundbrunnen","4130530","oaos-bautzen-gesund","834","","Stadt Bautzen","15"
"4274","Oberschule Göltzschtal (Schule in freier Trägerschaft)","4531240","faos-ellefeld-OVVIM","6015","OVVIM","Hoffnungswerk Vogtland e. V.","21"
"2344","Oberschule Grimma","4430724","oaos-grimma-grim","471","","Stadt Grimma","15"
"2277","Oberschule Groitzsch","4430120","oaos-groitzsch","641","","Stadt Groitzsch","13"
"1964","Oberschule Grünhain-Beierfeld","4231668","oaos-gruenhain","175","","Stadt Grünhain-Beierfeld","13"
"1856","Oberschule Halsbrücke","4230116","oaos-halsbruecke","688","","Gemeinde Halsbrücke","12"
"4035","Oberschule Hoyerswerda","4131397","oaos-hoyerswerda","14","","Stadt Hoyerswerda","15"
"3314","Oberschule im Evangelischen Schulzentrum Muldental (Schule in freier Trägerschaft)","4431474","faos-grimma-ESZM","1370","ESZM","Evangelisches Schulzentrum Muldental e.V.","21"
"2341","Oberschule im Lossatal","4430708","oaos-lossatal","6109","","Gemeinde Lossatal","12"
"447","Oberschule Innenstadt Görlitz","4130118","oasz-goerlitz","367","","Stadt Görlitz","15"
"2004","Oberschule Jöhstadt, Eliteschule des Sports","4231262","oaos-joehstadt","857","","Stadt Jöhstadt","13"
"2280","Oberschule Kitzscher","4430153","oaos-kitzscher","637","","Stadt Kitzscher","13"
"2214","Oberschule Königstein","4330973","oaos-koenigstein","302","","Stadt Königstein/Sächs. Schw.","13"
"2233","Oberschule Kötitz","4331138","oaos-coswig-koetit","596","","Stadt Coswig","15"
"2106","Oberschule Kötzschenbroda","4330775","oaos-radebeul-koetzs","28","","Stadt Radebeul","15"
"2101","Oberschule Kreischa","4330734","oaos-kreischa","189","","Gemeinde Kreischa","12"
"101","Oberschule Lauta","4130415","oaos-lauta","833","","Landkreis Bautzen","16"
"1859","Oberschule Lengefeld","4230140","oaos-pockau","6127","","Stadt Pockau-Lengefeld","13"
"2028","Oberschule Leubnitz","4530705","oaos-werdau-leubn","52","","Stadt Werdau","15"
"1035","Oberschule Lichtenau","4230629","oaos-lichtenau","532","","Gemeinde Lichtenau","12"
"1347","Oberschule Lichtentanne","4530713","oaos-lichtentanne","80","","Gemeinde Lichtentanne","12"
"103","Oberschule Lohsa","4130423","oaos-lohsa","833","","Landkreis Bautzen","16"
"2238","Oberschule Lommatzscher Pflege","4331237","oaos-lommatzsch","582","","Stadt Lommatzsch","13"
"987","Oberschule Lößnitz","4231700","oaos-loessnitz","156","","Stadt Lößnitz","13"
"153","Oberschule Malschwitz","4130779","oaos-malschwitz","833","","Landkreis Bautzen","16"
"744","Oberschule Markkleeberg","4430187","oaos-markkleeberg","626","","Stadt Markkleeberg","15"
"2283","Oberschule Markranstädt","4430203","oaos-markranstaedt","620","","Stadt Markranstädt","13"
"2401","Oberschule Mockrehna","4430500","oaos-mockrehna","237","","Gemeinde Mockrehna","12"
"723","Oberschule Naunhof","4430823","oaos-naunhof","466","","Stadt Naunhof","13"
"1061","Oberschule Neukirchen","4230827","oaos-neukirchen.e","258","","Gemeinde Neukirchen/Erzgeb.","12"
"1906","Oberschule Neumark","4530127","oaos-neumark","885","","Gemeinde Neumark","12"
"1862","Oberschule Niederbobritzsch","4230199","oaos-bobritzsch","705","","Gemeinde Bobritzsch-Hilbersdorf","12"
"2007","Oberschule Niederwiesa","4231296","oaos-niederwiesa","675","","Gemeinde Niederwiesa","12"
"393","Oberschule Niesky","4130225","oaos-niesky","426","","Stadt Niesky","15"
"2319","Oberschule Nordwest Torgau","4430542","oaos-torgau-nordwe","221","","Stadt Torgau","15"
"43","Oberschule Nünchritz","4331310","oaos-nuenchritz","391","","Gemeinde Nünchritz","12"
"1083","Oberschule Oederan","4231304","oaos-oederan","677","","Stadt Oederan","13"
"2997","Oberschule Oelsnitz","4530945","oaos-oelsnitz.v","922","","Stadt Oelsnitz/Vogtl.","15"
"1202","Oberschule Olbernhau","4230215","oaos-olbernhau","549","","Stadt Olbernhau","13"
"2104","Oberschule Ottendorf-Okrilla „Heiderand“","4130043","oaos-ottendorf","833","","Landkreis Bautzen","16"
"1924","Oberschule Pausa","4530283","oaos-pausa","894","","Stadt Pausa-Mühltroff","13"
"2107","Oberschule Radebeul Mitte","4330767","oaos-radebeul-mitte","28","","Stadt Radebeul","15"
"232","Oberschule Radeburg ""Heinrich Zille""","4330809","oaos-radeburg","29","","Stadt Radeburg","13"
"455","Oberschule Rauschwalde Görlitz","4130100","oaos-goerlitz-rausch","367","","Stadt Görlitz","15"
"1863","Oberschule Rechenberg-Bienenmühle","4230231","oaos-rechenberg","678","","Gemeinde Rechenberg-Bienenmühle","12"
"2289","Oberschule Regis-Breitingen","4430252","oaos-regis.b","6132","","Stadt Regis-Breitingen","13"
"274","Oberschule Reichenbach","4130241","oaos-reichenbach","429","","Stadt Reichenbach/O.L.","13"
"1878","Oberschule Reichenbrand","4230496","oaos-chemnitz-reiche","873","","Stadt Chemnitz","14"
"2145","Oberschule Rödertal","4130589","oaos-g.roehrsdorf","833","","Landkreis Bautzen","16"
"2108","Oberschule Schmiedeberg","4330833","oaos-dippoldiswalde-schmie","210","","Stadt Dippoldiswalde","15"
"1879","Oberschule Schönau/Siegmar","4230546","oaos-chemnitz-schoen","873","","Stadt Chemnitz","14"
"2248","Oberschule Schönfeld","4331401","oaos-schoenfeld","381","","Gemeinde Schönfeld","12"
"2002","Oberschule Sehmatal","4231155","oaos-sehmatal","1235","","Gemeinde Sehmatal","12"
"429","Oberschule Seifhennersdorf","4131165","oaos-seifhenners.d","324","","Stadt Seifhennersdorf","13"
"62","Oberschule Strehla","4331427","oaos-strehla","378","","Stadt Strehla","13"
"2293","Oberschule Taucha","4430302","oaos-taucha","602","","Stadt Taucha","13"
"1986","Oberschule Thalheim","4231056","oaos-thalheim","252","","Stadt Thalheim/Erzgeb.","13"
"2355","Oberschule Trebsen","4430906","oaos-trebsen","462","","Stadt Trebsen/Mulde","13"
"677","Oberschule Waldheim","4231635","oaos-waldheim","712","","Stadt Waldheim","13"
"2253","Oberschule Weinböhla","4331450","oaos-weinboehla","578","","Gemeinde Weinböhla","12"
"1930","Oberschule Weischlitz","4530390","oaos-weischlitz","897","","Gemeinde Weischlitz","12"
"2110","Oberschule Weißig","4330866","oaos-dresden-weiss","874","","Stadt Dresden","14"
"2111","Oberschule Weixdorf","4331500","oaos-dresden-weixd","874","","Stadt Dresden","14"
"2356","Oberschule Wermsdorf","4430922","oaos-wermsdorf","223","","Gemeinde Wermsdorf","12"
"3133","Oberschule Westerzgebirge (Schule in freier Trägerschaft)","4231759","faos-aue.schl-BZE","6018","BZE","BZE - Schulungsgesellschaft Erzgebirge gGmbH","20"
"268","Oberschule Wilsdruff","4330874","oaos-wilsdruff","192","","Stadt Wilsdruff","13"
"999","Oberschule Zschorlau","4231734","oaos-zschorlau","144","","Gemeinde Zschorlau","12"
"2493","Palucca Hochschule für Tanz Dresden, Oberschule","4330056","oaos-dresden-paluc","6114","","Freistaat Sachsen - Staatsministerium für Wissenschaft, Kultur und Tourismus","11"
"2202","Park-Oberschule Zittau","4131207","oaos-zittau-park","318","","Stadt Zittau","15"
"2025","Paul-Fleming-Oberschule","4530671","oaos-hartenstein","92","","Stadt Hartenstein","13"
"2276","Paul-Guenther-Oberschule Geithain","4430112","oaos-geithain","646","","Stadt Geithain","13"
"2376","Paul-Robeson-Schule - Oberschule der Stadt Leipzig","4431193","oaos-leipzig-robeso","876","","Stadt Leipzig","14"
"3432","Paulus-Schule Königswartha - Evangelische Oberschule (Schule in freier Trägerschaft)","4131322","faos-koenigswartha-EVSBZ","1310","EVSBZ","Evangelischer Schulverein im Landkreis Bautzen e. V.","21"
"21","Pestalozzi-Oberschule","4331070","oaos-pirna-pestal","288","","Stadt Pirna","15"
"2191","Pestalozzi-Oberschule Großschönau","4131009","oaos-g.schoenau","355","","Gemeinde Großschönau","12"
"2347","Pestalozzi-Oberschule Hartha","4231601","oaos-hartha","725","","Stadt Hartha","13"
"2241","Pestalozzi-Oberschule Meißen","4331260","oaos-meissen-pestal","583","","Stadt Meißen","15"
"2197","Pestalozzi-Oberschule Neusalza-Spremberg","4131082","oaos-neusalza","346","","Stadt Neusalza-Spremberg","13"
"1976","Pestalozzi-Oberschule Oberlungwitz","4531059","oaos-oberlungwitz","776","","Stadt Oberlungwitz","13"
"2199","Pestalozzi-Oberschule Oderwitz","4131116","oaos-oderwitz","336","","Gemeinde Oderwitz","12"
"1361","Pestalozzi-Oberschule Wilkau-Haßlau","4530812","oaos-wilkau","55","","Stadt Wilkau-Haßlau","13"
"2357","Pestalozzi-Oberschule Wurzen","4430930","oaos-wurzen","456","","Stadt Wurzen","15"
"1049","Pestalozzi-Schule, Oberschule","4531026","oaos-limbach.o-pestal","777","","Stadt Limbach-Oberfrohna","15"
"214","Pestalozzischule Radeberg Oberschule","4130068","oaos-radeberg-pestal","27","","Stadt Radeberg","15"
"1385","Pestalozzischule, Oberschule","4530853","oaos-zwickau-pestal","104","","Stadt Zwickau","15"
"669","Peter-Apian-Oberschule Leisnig","4231619","oaos-leisnig","715","","Stadt Leisnig","13"
"867","Petrischule - Oberschule der Stadt Leipzig","4431284","oaos-leipzig-petri","876","","Stadt Leipzig","14"
"3483","Private Ganztagsoberschule der Privaten Schule IBB gGmbH Dresden (Schule in freier Trägerschaft)","4331633","faos-dresden-IBB","1078","IBB","Private Schule IBB gGmbH Dresden","29"
"3245","Private Oberschule Geyer (Schule in freier Trägerschaft)","4231502","faos-geyer-IAJ","1099","IAJ","IAJ Institut für Ausbildung Jugendlicher gGmbH","29"
"3156","Rahn Education Freie Oberschule Leipzig (Schule in freier Trägerschaft)","4431458","faos-leipzig-RAHN","1039","RAHN","Dr. P. Rahn & Partner Schulen in freier Trägerschaft gemeinnützige Schulgesellschaft mbH","29"
"432","Richard-von-Schlieben-Oberschule","4131181","oaos-zittau-schlie","318","","Stadt Zittau","15"
"777","Robert-Härtwig-Schule Oschatz, Oberschule","4430856","oaos-oschatz","227","","Stadt Oschatz","15"
"857","Rosa-Parks-Schule - Oberschule der Stadt Leipzig","4431029","oaos-leipzig-parks","876","","Stadt Leipzig","14"
"931","Rudi-Glöckner-Schule - Oberschule der Stadt Leipzig","4431367","oaos-leipzig-gloeck","876","","Stadt Leipzig","14"
"3277","Sachsenring-Oberschule Callenberg/Hohenstein-Ernstthal","4531117","oaos-hohenstein.e","785","","Stadt Hohenstein-Ernstthal","15"
"1299","Sahnschule, Oberschule","4530630","oaos-crimmitschau-sahn","106","","Stadt Crimmitschau","15"
"2568","Schkola Oberland - Freie Schule an der Haine (Oberschule) (Schule in freier Trägerschaft)","4131223","faos-ebersbach.n-SCHKO","1070","SCHKO","SCHKOLA gGmbH","20"
"3439","Schkola Ostritz - Umweltmodellschule Oberschule (Schule in freier Trägerschaft)","4131355","faos-ostritz-SCHKO","1070","SCHKO","SCHKOLA gGmbH","20"
"2383","Schule am Adler - Oberschule der Stadt Leipzig","4431003","oaos-leipzig-adler","876","","Stadt Leipzig","14"
"2315","Schule am Leinepark Oberschule Krostitz","4430484","oaos-krostitz","746","","Gemeinde Krostitz","12"
"710","Schule am Thümmlitzwald, Oberschule der Stadt Grimma","4430591","oaos-grimma-boehl","471","","Stadt Grimma","15"
"3791","Schule am Weißeplatz - Oberschule der Stadt Leipzig","4431524","oaos-leipzig-weisse","876","","Stadt Leipzig","14"
"3792","Schule Georg-Schwarz-Str. - Oberschule der Stadt Leipzig","4431532","oaos-leipzig-schwar","876","","Stadt Leipzig","14"
"4107","Schule Höltystraße - Oberschule der Stadt Leipzig","4431649","oaos-leipzig-hoelty","876","","Stadt Leipzig","14"
"4065","Schule Ihmelsstraße - Oberschule der Stadt Leipzig","4431623","oaos-leipzig-ihmels","876","","Stadt Leipzig","14"
"2285","Schule Mölkau - Oberschule der Stadt Leipzig","4430211","oaos-leipzig-moelk","876","","Stadt Leipzig","14"
"2399","Schule Paunsdorf - Oberschule der Stadt Leipzig","4431425","oaos-leipzig-paunsd","876","","Stadt Leipzig","14"
"4034","Schule Ratzelstraße - Oberschule der Stadt Leipzig","4431607","oaos-leipzig-ratzel","876","","Stadt Leipzig","14"
"2294","Schule Wiederitzsch - Oberschule der Stadt Leipzig","4430310","oaos-leipzig-wieder","876","","Stadt Leipzig","14"
"459","Scultetus-Oberschule","4130142","oaos-goerlitz-sculte","367","","Stadt Görlitz","15"
"2879","Seminar-Oberschule Auerbach","4530929","oaos-auerbach.v-semin","925","","Stadt Auerbach/Vogtl.","15"
"3409","Semper-Oberschule (Schule in freier Trägerschaft)","4331617","faos-dresden-SEMPM","6128","SEMPM","Semper Schulen Media gemeinnützige GmbH","20"
"2337","Sophienschule Colditz, Oberschule","4430641","oaos-colditz","481","","Stadt Colditz","13"
"2166","Sorbische Oberschule ""Dr. Maria Grollmuß"" Radibor","4130852","oaos-radibor-sorb","807","","Gemeinde Radibor","12"
"2165","Sorbische Oberschule ""Michal Hornik"" Räckelwitz","4130845","oaos-raeckelwitz-sorb","109","","Gemeinde Räckelwitz","12"
"2143","Sorbische Oberschule Bautzen","4130555","oaos-bautzen-sorb","833","","Landkreis Bautzen","16"
"2167","Sorbische Oberschule Ralbitz","4130860","oaos-ralbitz-sorb","110","","Gemeinde Ralbitz-Rosenthal","12"
"1880","Sportoberschule Chemnitz","4230355","oaos-chemnitz-sport","873","","Stadt Chemnitz","14"
"475","Sportoberschule Dresden","4330288","oaos-dresden-sport","874","","Stadt Dresden","14"
"2371","Sportoberschule Leipzig - Oberschule der Stadt Leipzig","4431243","oaos-leipzig-sport","876","","Stadt Leipzig","14"
"3935","SRH Oberschule Dresden (Schule in freier Trägerschaft)","4331682","faos-dresden-SRHBW","6078","SRHBW","SRH Berufsbildungswerk Sachsen GmbH","20"
"1982","Stadtschule Schwarzenberg, Oberschule","4231726","oaos-schwarzenberg","146","","Stadt Schwarzenberg/Erzgeb.","15"
"1126","Tännichtschule, Oberschule","4531083","oaos-meerane","779","","Stadt Meerane","13"
"3414","TRIAS Oberschule Elsterberg (Schule in freier Trägerschaft)","4531158","faos-elsterberg-SIS","1441","SIS","Saxony International School - Carl Hahn gemeinnützige GmbH","29"
"2240","Triebischtal-Oberschule Meißen","4331245","oaos-meissen-triebi","583","","Stadt Meißen","15"
"1147","Turley-Oberschule Oelsnitz","4231015","oaos-oelsnitz.e","262","","Stadt Oelsnitz/Erzgeb.","13"
"1423","Untere Luisenschule, Oberschule","4230397","oaos-chemnitz-luisen","873","","Stadt Chemnitz","14"
"1607","Waldorfschule Chemnitz (Schule in freier Trägerschaft)","4210027","fasz-chemnitz-WDC","1007","WDC","Waldorfschulverein Chemnitz e.V.","22"
"2024","Wehrdigtschule, Oberschule","4531075","oaos-glauchau-wehrdi","788","","Stadt Glauchau","15"
"1908","Weinholdschule Oberschule","4530150","oaos-reichenbach.v","880","","Stadt Reichenbach im Vogtland","15"
"1901","Wilhelm-Adolph-von-Trützschler- Oberschule Stadt Falkenstein","4530051","oaos-falkenstein","931","","Stadt Falkenstein/Vogtl.","13"
"2187","Wilhelm-von-Polenz-Oberschule Cunewalde","4130969","oaos-cunewalde","833","","Landkreis Bautzen","16"
"3436","WIR- Freie Oberschule Bernsdorf (Schule in freier Trägerschaft)","4131330","faos-bernsdorf-BDORF","6072","BDORF","Schulverein der Oberschule Bernsdorf e.V.","22"
"1212","Zentralschule Adorf, Oberschule","4530192","oaos-adorf","954","","Stadt Adorf/Vogtl.","13"
"980","„Glück auf!"" - Oberschule Eibenstock","4231684","oaos-eibenstock","164","","Stadt Eibenstock","13"
